"Station Name","OTTAWA CDA RCS"
"Province","ONTARIO"
"Latitude","45.38"
"Longitude","-75.72"
"Elevation","79.20"
"Climate Identifier","6105978"
"WMO Identifier","71063"
"TC Identifier","XOA"
"All times are specified in Local Standard Time (LST). Add 1 hour to adjust for Daylight Saving Time where and when it is observed."

"Legend"
"E","Estimated"
"M","Missing"
"NA","Not Available"
"‡","Partner data that is not subject to review by the National Climate Archives"

"Date/Time","Year","Month","Day","Time","Data Quality","Temp (°C)","Temp Flag","Dew Point Temp (°C)","Dew Point Temp Flag","Rel Hum (%)","Rel Hum Flag","Wind Dir (10s deg)","Wind Dir Flag","Wind Spd (km/h)","Wind Spd Flag","Visibility (km)","Visibility Flag","Stn Press (kPa)","Stn Press Flag","Hmdx","Hmdx Flag","Wind Chill","Wind Chill Flag","Weather"
"2018-01-01 00:00","2018","01","01","00:00"," ","-23.3","","-27.3","","70","","29","","11","","","","101.95","","","","-32","","NA"
"2018-01-01 01:00","2018","01","01","01:00"," ","-23.1","","-26.9","","71","","28","","6","","","","101.95","","","","-29","","NA"
"2018-01-01 02:00","2018","01","01","02:00"," ","-23.9","","-27.6","","71","","27","","6","","","","101.95","","","","-30","","NA"
"2018-01-01 03:00","2018","01","01","03:00"," ","-24.2","","-27.7","","73","","26","","9","","","","101.96","","","","-32","","NA"
"2018-01-01 04:00","2018","01","01","04:00"," ","-24.9","","-28.2","","74","","27","","10","","","","101.96","","","","-33","","NA"
"2018-01-01 05:00","2018","01","01","05:00"," ","-25.6","","-28.5","","77","","28","","9","","","","101.91","","","","-33","","NA"
"2018-01-01 06:00","2018","01","01","06:00"," ","-27.2","","-30.1","","77","","28","","2","","","","101.91","","","","-29","","NA"
"2018-01-01 07:00","2018","01","01","07:00"," ","-27.5","","-29.7","","82","","23","","5","","","","101.93","","","","-33","","NA"
"2018-01-01 08:00","2018","01","01","08:00"," ","-26.7","","-29.0","","81","","27","","7","","","","101.97","","","","-33","","NA"
"2018-01-01 09:00","2018","01","01","09:00"," ","-25.4","","-28.6","","74","","27","","14","","","","101.98","","","","-35","","NA"
"2018-01-01 10:00","2018","01","01","10:00"," ","-24.4","","-27.9","","73","","26","","13","","","","102.01","","","","-34","","NA"
"2018-01-01 11:00","2018","01","01","11:00"," ","-22.2","","-27.7","","61","","25","","4","","","","101.96","","","","-26","","NA"
"2018-01-01 12:00","2018","01","01","12:00"," ","-20.5","","-27.4","","54","","27","","7","","","","101.87","","","","-26","","NA"
"2018-01-01 13:00","2018","01","01","13:00"," ","-19.6","","-26.6","","54","","18","","4","","","","101.76","","","","-23","","NA"
"2018-01-01 14:00","2018","01","01","14:00"," ","-18.8","","-25.9","","54","","17","","4","","","","101.69","","","","-22","","NA"
"2018-01-01 15:00","2018","01","01","15:00"," ","-18.6","","-25.5","","54","","18","","4","","","","101.65","","","","-22","","NA"
"2018-01-01 16:00","2018","01","01","16:00"," ","-19.6","","-24.8","","63","","17","","7","","","","101.63","","","","-25","","NA"
"2018-01-01 17:00","2018","01","01","17:00"," ","-19.7","","-23.7","","71","","10","","2","","","","101.61","","","","-21","","NA"
"2018-01-01 18:00","2018","01","01","18:00"," ","-19.8","","-24.4","","67","","13","","3","","","","101.64","","","","-22","","NA"
"2018-01-01 19:00","2018","01","01","19:00"," ","-20.2","","-23.6","","74","","21","","1","","","","101.65","","","","-21","","NA"
"2018-01-01 20:00","2018","01","01","20:00"," ","-20.8","","-23.5","","79","","","","0","","","","101.64","","","","","","NA"
"2018-01-01 21:00","2018","01","01","21:00"," ","-20.8","","-22.9","","84","","36","","5","","","","101.66","","","","-25","","NA"
"2018-01-01 22:00","2018","01","01","22:00"," ","-22.6","","-24.8","","82","","0","","1","","","","101.70","","","","-24","","NA"
"2018-01-01 23:00","2018","01","01","23:00"," ","-22.4","","-24.6","","82","","29","","3","","","","101.72","","","","-25","","NA"
"2018-01-02 00:00","2018","01","02","00:00"," ","-23.5","","-25.8","","81","","26","","2","","","","101.73","","","","-25","","NA"
"2018-01-02 01:00","2018","01","02","01:00"," ","-23.2","","-25.7","","80","","26","","10","","","","101.73","","","","-31","","NA"
"2018-01-02 02:00","2018","01","02","02:00"," ","-23.2","","-25.8","","79","","27","","13","","","","101.71","","","","-32","","NA"
"2018-01-02 03:00","2018","01","02","03:00"," ","-24.0","","-26.7","","78","","28","","11","","","","101.73","","","","-32","","NA"
"2018-01-02 04:00","2018","01","02","04:00"," ","-24.5","","-27.4","","77","","28","","9","","","","101.73","","","","-32","","NA"
"2018-01-02 05:00","2018","01","02","05:00"," ","-24.2","","-27.0","","78","","27","","10","","","","101.68","","","","-32","","NA"
"2018-01-02 06:00","2018","01","02","06:00"," ","-23.9","","-26.6","","78","","25","","5","","","","101.64","","","","-29","","NA"
"2018-01-02 07:00","2018","01","02","07:00"," ","-24.4","","-27.3","","77","","18","","7","","","","101.62","","","","-31","","NA"
"2018-01-02 08:00","2018","01","02","08:00"," ","-23.4","","-26.4","","77","","17","","8","","","","101.49","","","","-30","","NA"
"2018-01-02 09:00","2018","01","02","09:00"," ","-22.4","","-25.3","","77","","16","","8","","","","101.39","","","","-29","","NA"
"2018-01-02 10:00","2018","01","02","10:00"," ","-21.3","","-24.4","","76","","19","","12","","","","101.34","","","","-30","","NA"
"2018-01-02 11:00","2018","01","02","11:00"," ","-20.3","","-23.2","","78","","16","","8","","","","101.17","","","","-27","","NA"
"2018-01-02 12:00","2018","01","02","12:00"," ","-18.9","","-21.8","","78","","16","","8","","","","101.02","","","","-25","","NA"
"2018-01-02 13:00","2018","01","02","13:00"," ","-17.1","","-19.8","","79","","17","","7","","","","100.83","","","","-22","","NA"
"2018-01-02 14:00","2018","01","02","14:00"," ","-16.0","","-19.2","","76","","10","","4","","","","100.70","","","","-19","","NA"
"2018-01-02 15:00","2018","01","02","15:00"," ","-14.5","","-17.2","","80","","5","","3","","","","100.65","","","","-17","","NA"
"2018-01-02 16:00","2018","01","02","16:00"," ","-15.2","","-17.9","","79","","36","","5","","","","100.64","","","","-19","","NA"
"2018-01-02 17:00","2018","01","02","17:00"," ","-15.3","","-17.7","","82","","5","","6","","","","100.65","","","","-20","","NA"
"2018-01-02 18:00","2018","01","02","18:00"," ","-15.0","","-17.2","","83","","1","","3","","","","100.66","","","","-17","","NA"
"2018-01-02 19:00","2018","01","02","19:00"," ","-7.3","","-10.6","","77","","23","","18","","","","100.66","","","","-14","","NA"
"2018-01-02 20:00","2018","01","02","20:00"," ","-6.8","","-10.8","","74","","22","","28","","","","100.66","","","","-15","","NA"
"2018-01-02 21:00","2018","01","02","21:00"," ","-6.9","","-10.9","","73","","22","","21","","","","100.66","","","","-14","","NA"
"2018-01-02 22:00","2018","01","02","22:00"," ","-6.8","","-11.1","","72","","22","","19","","","","100.67","","","","-14","","NA"
"2018-01-02 23:00","2018","01","02","23:00"," ","-7.3","","-11.4","","72","","23","","18","","","","100.75","","","","-14","","NA"
"2018-01-03 00:00","2018","01","03","00:00"," ","-7.4","","-11.8","","71","","24","","17","","","","100.77","","","","-14","","NA"
"2018-01-03 01:00","2018","01","03","01:00"," ","-7.5","","-12.2","","69","","25","","10","","","","100.77","","","","-12","","NA"
"2018-01-03 02:00","2018","01","03","02:00"," ","-7.7","","-12.4","","69","","23","","10","","","","100.81","","","","-13","","NA"
"2018-01-03 03:00","2018","01","03","03:00"," ","-7.7","","-12.6","","68","","23","","13","","","","100.83","","","","-13","","NA"
"2018-01-03 04:00","2018","01","03","04:00"," ","-8.2","","-12.7","","70","","21","","10","","","","100.81","","","","-13","","NA"
"2018-01-03 05:00","2018","01","03","05:00"," ","-8.7","","-13.2","","70","","22","","6","","","","100.78","","","","-12","","NA"
"2018-01-03 06:00","2018","01","03","06:00"," ","-9.7","","-13.4","","74","","19","","4","","","","100.79","","","","-12","","NA"
"2018-01-03 07:00","2018","01","03","07:00"," ","-8.5","","-13.4","","68","","21","","10","","","","100.81","","","","-13","","NA"
"2018-01-03 08:00","2018","01","03","08:00"," ","-7.9","","-13.0","","67","","21","","11","","","","100.83","","","","-13","","NA"
"2018-01-03 09:00","2018","01","03","09:00"," ","-7.4","","-11.5","","73","","20","","13","","","","100.83","","","","-13","","NA"
"2018-01-03 10:00","2018","01","03","10:00"," ","-6.8","","-11.3","","70","","21","","23","","","","100.82","","","","-14","","NA"
"2018-01-03 11:00","2018","01","03","11:00"," ","-7.1","","-10.0","","79","","16","","16","","","","100.77","","","","-13","","NA"
"2018-01-03 12:00","2018","01","03","12:00"," ","-7.8","","-10.9","","78","","18","","22","","","","100.73","","","","-15","","NA"
"2018-01-03 13:00","2018","01","03","13:00"," ","-7.6","","-11.1","","76","","18","","23","","","","100.62","","","","-15","","NA"
"2018-01-03 14:00","2018","01","03","14:00"," ","-7.5","","-11.5","","73","","17","","21","","","","100.57","","","","-15","","NA"
"2018-01-03 15:00","2018","01","03","15:00"," ","-7.3","","-11.6","","72","","18","","19","","","","100.58","","","","-14","","NA"
"2018-01-03 16:00","2018","01","03","16:00"," ","-7.5","","-12.5","","68","","17","","21","","","","100.56","","","","-15","","NA"
"2018-01-03 17:00","2018","01","03","17:00"," ","-7.4","","-13.0","","64","","17","","20","","","","100.55","","","","-15","","NA"
"2018-01-03 18:00","2018","01","03","18:00"," ","-7.6","","-12.3","","69","","18","","22","","","","100.58","","","","-15","","NA"
"2018-01-03 19:00","2018","01","03","19:00"," ","-7.4","","-13.4","","62","","19","","21","","","","100.62","","","","-15","","NA"
"2018-01-03 20:00","2018","01","03","20:00"," ","-7.5","","-13.1","","64","","18","","21","","","","100.62","","","","-15","","NA"
"2018-01-03 21:00","2018","01","03","21:00"," ","-8.0","","-13.8","","63","","17","","14","","","","100.58","","","","-14","","NA"
"2018-01-03 22:00","2018","01","03","22:00"," ","-7.8","","-13.1","","66","","17","","13","","","","100.56","","","","-14","","NA"
"2018-01-03 23:00","2018","01","03","23:00"," ","-7.5","","-13.0","","65","","15","","15","","","","100.54","","","","-14","","NA"
"2018-01-04 00:00","2018","01","04","00:00"," ","-7.5","","-12.8","","66","","16","","15","","","","100.45","","","","-14","","NA"
"2018-01-04 01:00","2018","01","04","01:00"," ","-7.5","","-12.3","","68","","15","","10","","","","100.41","","","","-12","","NA"
"2018-01-04 02:00","2018","01","04","02:00"," ","-7.6","","-10.9","","77","","17","","9","","","","100.41","","","","-12","","NA"
"2018-01-04 03:00","2018","01","04","03:00"," ","-7.8","","-10.6","","81","","11","","8","","","","100.40","","","","-12","","NA"
"2018-01-04 04:00","2018","01","04","04:00"," ","-7.4","","-9.8","","83","","15","","10","","","","100.33","","","","-12","","NA"
"2018-01-04 05:00","2018","01","04","05:00"," ","-7.4","","-10.4","","79","","12","","7","","","","100.33","","","","-11","","NA"
"2018-01-04 06:00","2018","01","04","06:00"," ","-9.0","","-11.2","","84","","34","","7","","","","100.29","","","","-13","","NA"
"2018-01-04 07:00","2018","01","04","07:00"," ","-9.9","","-11.6","","87","","35","","6","","","","100.24","","","","-13","","NA"
"2018-01-04 08:00","2018","01","04","08:00"," ","-10.0","","-11.9","","86","","5","","8","","","","100.17","","","","-14","","NA"
"2018-01-04 09:00","2018","01","04","09:00"," ","-10.0","","-12.3","","84","","4","","9","","","","100.07","","","","-15","","NA"
"2018-01-04 10:00","2018","01","04","10:00"," ","-9.8","","-12.5","","81","","5","","14","","","","100.12","","","","-16","","NA"
"2018-01-04 11:00","2018","01","04","11:00"," ","-9.2","","-12.0","","80","","3","","8","","","","100.07","","","","-14","","NA"
"2018-01-04 12:00","2018","01","04","12:00"," ","-8.6","","-11.9","","77","","3","","10","","","","99.95","","","","-14","","NA"
"2018-01-04 13:00","2018","01","04","13:00"," ","-8.0","","-11.3","","77","","35","","6","","","","99.80","","","","-11","","NA"
"2018-01-04 14:00","2018","01","04","14:00"," ","-7.0","","-10.9","","74","","35","","11","","","","99.69","","","","-12","","NA"
"2018-01-04 15:00","2018","01","04","15:00"," ","-10.3","","-12.3","","85","","27","","19","","","","99.64","","","","-18","","NA"
"2018-01-04 16:00","2018","01","04","16:00"," ","-10.9","","-12.8","","86","","27","","21","","","","99.59","","","","-19","","NA"
"2018-01-04 17:00","2018","01","04","17:00"," ","-10.0","","-12.2","","84","","29","","17","","","","99.58","","","","-17","","NA"
"2018-01-04 18:00","2018","01","04","18:00"," ","-11.7","","-15.7","","73","","31","","26","","","","99.55","","","","-21","","NA"
"2018-01-04 19:00","2018","01","04","19:00"," ","-14.0","","-18.6","","68","","32","","30","","","","99.57","","","","-25","","NA"
"2018-01-04 20:00","2018","01","04","20:00"," ","-15.0","","-19.4","","69","","32","","31","","","","99.59","","","","-26","","NA"
"2018-01-04 21:00","2018","01","04","21:00"," ","-15.7","","-20.4","","67","","31","","34","","","","99.55","","","","-28","","NA"
"2018-01-04 22:00","2018","01","04","22:00"," ","-16.5","","-21.3","","66","","32","","31","","","","99.56","","","","-28","","NA"
"2018-01-04 23:00","2018","01","04","23:00"," ","-17.6","","-22.5","","66","","31","","31","","","","99.56","","","","-30","","NA"
"2018-01-05 00:00","2018","01","05","00:00"," ","-18.5","","-23.5","","65","","30","","25","","","","99.53","","","","-30","","NA"
"2018-01-05 01:00","2018","01","05","01:00"," ","-19.6","","-24.4","","66","","30","","28","","","","99.50","","","","-32","","NA"
"2018-01-05 02:00","2018","01","05","02:00"," ","-20.3","","-25.0","","66","","30","","27","","","","99.49","","","","-32","","NA"
"2018-01-05 03:00","2018","01","05","03:00"," ","-21.3","","-26.1","","65","","30","","28","","","","99.54","","","","-34","","NA"
"2018-01-05 04:00","2018","01","05","04:00"," ","-22.2","","-27.0","","65","","29","","26","","","","99.56","","","","-35","","NA"
"2018-01-05 05:00","2018","01","05","05:00"," ","-22.5","","-27.4","","64","","30","","28","","","","99.60","","","","-35","","NA"
"2018-01-05 06:00","2018","01","05","06:00"," ","-23.1","","-27.9","","65","","29","","26","","","","99.65","","","","-36","","NA"
"2018-01-05 07:00","2018","01","05","07:00"," ","-23.5","","-28.4","","64","","29","","25","","","","99.68","","","","-36","","NA"
"2018-01-05 08:00","2018","01","05","08:00"," ","-23.9","","-28.7","","65","","28","","23","","","","99.73","","","","-36","","NA"
"2018-01-05 09:00","2018","01","05","09:00"," ","-23.5","","-29.0","","61","","28","","26","","","","99.77","","","","-36","","NA"
"2018-01-05 10:00","2018","01","05","10:00"," ","-22.9","","-29.2","","57","","28","","26","","","","99.82","","","","-36","","NA"
"2018-01-05 11:00","2018","01","05","11:00"," ","-22.3","","-28.6","","56","","28","","30","","","","99.83","","","","-36","","NA"
"2018-01-05 12:00","2018","01","05","12:00"," ","-22.0","","-28.2","","57","","28","","27","","","","99.83","","","","-35","","NA"
"2018-01-05 13:00","2018","01","05","13:00"," ","-21.6","","-28.0","","56","","28","","34","","","","99.82","","","","-35","","NA"
"2018-01-05 14:00","2018","01","05","14:00"," ","-21.6","","-27.5","","59","","27","","26","","","","99.88","","","","-34","","NA"
"2018-01-05 15:00","2018","01","05","15:00"," ","-21.4","","-26.2","","65","","27","","29","","","","99.96","","","","-34","","NA"
"2018-01-05 16:00","2018","01","05","16:00"," ","-21.3","","-26.2","","65","","28","","28","","","","100.05","","","","-34","","NA"
"2018-01-05 17:00","2018","01","05","17:00"," ","-21.3","","-26.7","","62","","28","","32","","","","100.11","","","","-35","","NA"
"2018-01-05 18:00","2018","01","05","18:00"," ","-21.3","","-26.6","","62","","28","","27","","","","100.18","","","","-34","","NA"
"2018-01-05 19:00","2018","01","05","19:00"," ","-21.8","","-27.2","","62","","28","","37","","","","100.26","","","","-36","","NA"
"2018-01-05 20:00","2018","01","05","20:00"," ","-22.3","","-27.9","","61","","29","","32","","","","100.34","","","","-36","","NA"
"2018-01-05 21:00","2018","01","05","21:00"," ","-22.9","","-28.5","","60","","29","","28","","","","100.37","","","","-36","","NA"
"2018-01-05 22:00","2018","01","05","22:00"," ","-23.4","","-28.8","","61","","29","","32","","","","100.41","","","","-37","","NA"
"2018-01-05 23:00","2018","01","05","23:00"," ","-23.9","","-29.3","","61","","29","","32","","","","100.46","","","","-38","","NA"
"2018-01-06 00:00","2018","01","06","00:00"," ","-24.4","","-30.0","","60","","29","","32","","","","100.51","","","","-39","","NA"
"2018-01-06 01:00","2018","01","06","01:00"," ","-24.9","","-30.3","","61","","28","","29","","","","100.55","","","","-39","","NA"
"2018-01-06 02:00","2018","01","06","02:00"," ","-25.0","","-30.6","","59","","28","","29","","","","100.61","","","","-39","","NA"
"2018-01-06 03:00","2018","01","06","03:00"," ","-25.1","","-30.7","","60","","28","","30","","","","100.67","","","","-39","","NA"
"2018-01-06 04:00","2018","01","06","04:00"," ","-25.1","","-30.4","","61","","28","","23","","","","100.72","","","","-38","","NA"
"2018-01-06 05:00","2018","01","06","05:00"," ","-25.1","","-30.3","","62","","29","","28","","","","100.77","","","","-39","","NA"
"2018-01-06 06:00","2018","01","06","06:00"," ","-25.0","","-30.1","","62","","28","","24","","","","100.84","","","","-38","","NA"
"2018-01-06 07:00","2018","01","06","07:00"," ","-25.0","","-29.9","","64","","28","","25","","","","100.94","","","","-38","","NA"
"2018-01-06 08:00","2018","01","06","08:00"," ","-25.0","","-29.9","","63","","28","","25","","","","101.04","","","","-38","","NA"
"2018-01-06 09:00","2018","01","06","09:00"," ","-24.6","","-30.2","","60","","28","","24","","","","101.13","","","","-37","","NA"
"2018-01-06 10:00","2018","01","06","10:00"," ","-24.3","","-30.5","","56","","28","","25","","","","101.25","","","","-37","","NA"
"2018-01-06 11:00","2018","01","06","11:00"," ","-23.8","","-30.7","","53","","28","","26","","","","101.33","","","","-37","","NA"
"2018-01-06 12:00","2018","01","06","12:00"," ","-23.2","","-30.9","","49","","28","","28","","","","101.37","","","","-36","","NA"
"2018-01-06 13:00","2018","01","06","13:00"," ","-22.6","","-30.3","","50","","27","","24","","","","101.41","","","","-35","","NA"
"2018-01-06 14:00","2018","01","06","14:00"," ","-21.6","","-29.7","","48","","28","","24","","","","101.48","","","","-33","","NA"
"2018-01-06 15:00","2018","01","06","15:00"," ","-21.4","","-29.2","","49","","28","","24","","","","101.57","","","","-33","","NA"
"2018-01-06 16:00","2018","01","06","16:00"," ","-21.1","","-28.8","","50","","28","","23","","","","101.69","","","","-33","","NA"
"2018-01-06 17:00","2018","01","06","17:00"," ","-21.2","","-28.3","","53","","28","","16","","","","101.81","","","","-31","","NA"
"2018-01-06 18:00","2018","01","06","18:00"," ","-21.5","","-28.2","","55","","28","","15","","","","101.89","","","","-31","","NA"
"2018-01-06 19:00","2018","01","06","19:00"," ","-21.6","","-28.1","","56","","28","","18","","","","101.98","","","","-32","","NA"
"2018-01-06 20:00","2018","01","06","20:00"," ","-21.7","","-27.9","","58","","28","","20","","","","102.06","","","","-33","","NA"
"2018-01-06 21:00","2018","01","06","21:00"," ","-22.1","","-28.1","","58","","29","","16","","","","102.13","","","","-32","","NA"
"2018-01-06 22:00","2018","01","06","22:00"," ","-22.4","","-28.1","","59","","28","","15","","","","102.18","","","","-32","","NA"
"2018-01-06 23:00","2018","01","06","23:00"," ","-23.0","","-28.6","","60","","27","","17","","","","102.22","","","","-33","","NA"
"2018-01-07 00:00","2018","01","07","00:00"," ","-23.5","","-28.9","","61","","27","","12","","","","102.25","","","","-32","","NA"
"2018-01-07 01:00","2018","01","07","01:00"," ","-23.6","","-28.4","","65","","28","","15","","","","102.26","","","","-34","","NA"
"2018-01-07 02:00","2018","01","07","02:00"," ","-24.1","","-28.5","","67","","28","","13","","","","102.26","","","","-33","","NA"
"2018-01-07 03:00","2018","01","07","03:00"," ","-24.2","","-28.4","","68","","28","","13","","","","102.32","","","","-34","","NA"
"2018-01-07 04:00","2018","01","07","04:00"," ","-24.3","","-28.4","","69","","25","","8","","","","102.28","","","","-31","","NA"
"2018-01-07 05:00","2018","01","07","05:00"," ","-25.5","","-29.3","","71","","20","","8","","","","102.28","","","","-33","","NA"
"2018-01-07 06:00","2018","01","07","06:00"," ","-28.1","","-31.6","","72","","20","","8","","","","102.27","","","","-36","","NA"
"2018-01-07 07:00","2018","01","07","07:00"," ","-26.4","","-30.2","","70","","19","","12","","","","102.31","","","","-36","","NA"
"2018-01-07 08:00","2018","01","07","08:00"," ","-26.3","","-30.1","","71","","20","","2","","","","102.29","","","","-28","","NA"
"2018-01-07 09:00","2018","01","07","09:00"," ","-23.8","","-28.6","","65","","21","","9","","","","102.25","","","","-31","","NA"
"2018-01-07 10:00","2018","01","07","10:00"," ","-22.2","","-27.6","","61","","17","","4","","","","102.17","","","","-26","","NA"
"2018-01-07 11:00","2018","01","07","11:00"," ","-20.4","","-25.7","","62","","17","","9","","","","102.05","","","","-27","","NA"
"2018-01-07 12:00","2018","01","07","12:00"," ","-19.1","","-24.7","","61","","17","","8","","","","101.85","","","","-25","","NA"
"2018-01-07 13:00","2018","01","07","13:00"," ","-17.1","","-22.0","","66","","17","","7","","","","101.65","","","","-22","","NA"
"2018-01-07 14:00","2018","01","07","14:00"," ","-15.0","","-19.2","","70","","15","","14","","","","101.48","","","","-23","","NA"
"2018-01-07 15:00","2018","01","07","15:00"," ","-13.7","","-18.1","","69","","17","","13","","","","101.35","","","","-21","","NA"
"2018-01-07 16:00","2018","01","07","16:00"," ","-12.7","","-15.9","","77","","17","","10","","","","101.23","","","","-18","","NA"
"2018-01-07 17:00","2018","01","07","17:00"," ","-12.2","","-15.2","","78","","16","","14","","","","101.08","","","","-19","","NA"
"2018-01-07 18:00","2018","01","07","18:00"," ","-12.2","","-14.4","","83","","17","","13","","","","100.99","","","","-19","","NA"
"2018-01-07 19:00","2018","01","07","19:00"," ","-11.6","","-13.6","","85","","17","","10","","","","100.94","","","","-17","","NA"
"2018-01-07 20:00","2018","01","07","20:00"," ","-11.1","","-13.3","","84","","18","","10","","","","100.89","","","","-17","","NA"
"2018-01-07 21:00","2018","01","07","21:00"," ","-10.5","","-12.9","","83","","18","","11","","","","100.80","","","","-16","","NA"
"2018-01-07 22:00","2018","01","07","22:00"," ","-10.0","","-11.9","","86","","19","","12","","","","100.73","","","","-16","","NA"
"2018-01-07 23:00","2018","01","07","23:00"," ","-9.6","","-11.2","","88","","17","","6","","","","100.68","","","","-13","","NA"
"2018-01-08 00:00","2018","01","08","00:00"," ","-9.2","","-10.8","","88","","8","","3","","","","100.64","","","","-11","","NA"
"2018-01-08 01:00","2018","01","08","01:00"," ","-9.5","","-11.0","","89","","13","","4","","","","100.59","","","","-12","","NA"
"2018-01-08 02:00","2018","01","08","02:00"," ","-8.9","","-10.3","","89","","15","","1","","","","100.57","","","","-9","","NA"
"2018-01-08 03:00","2018","01","08","03:00"," ","-10.5","","-12.1","","87","","36","","3","","","","100.56","","","","-12","","NA"
"2018-01-08 04:00","2018","01","08","04:00"," ","-11.1","","-12.7","","88","","36","","4","","","","100.51","","","","-14","","NA"
"2018-01-08 05:00","2018","01","08","05:00"," ","-10.9","","-12.7","","87","","4","","7","","","","100.45","","","","-15","","NA"
"2018-01-08 06:00","2018","01","08","06:00"," ","-11.1","","-12.8","","87","","4","","7","","","","100.38","","","","-15","","NA"
"2018-01-08 07:00","2018","01","08","07:00"," ","-11.2","","-12.9","","87","","4","","5","","","","100.30","","","","-14","","NA"
"2018-01-08 08:00","2018","01","08","08:00"," ","-11.1","","-12.8","","87","","5","","7","","","","100.19","","","","-15","","NA"
"2018-01-08 09:00","2018","01","08","09:00"," ","-10.4","","-12.1","","87","","5","","7","","","","100.11","","","","-14","","NA"
"2018-01-08 10:00","2018","01","08","10:00"," ","-9.3","","-11.2","","87","","5","","8","","","","99.99","","","","-14","","NA"
"2018-01-08 11:00","2018","01","08","11:00"," ","-7.9","","-9.4","","89","","3","","5","","","","99.87","","","","-11","","NA"
"2018-01-08 12:00","2018","01","08","12:00"," ","-7.0","","-8.5","","89","","5","","4","","","","99.74","","","","-9","","NA"
"2018-01-08 13:00","2018","01","08","13:00"," ","-1.9","","-3.7","","87","","20","","18","","","","99.61","","","","-7","","NA"
"2018-01-08 14:00","2018","01","08","14:00"," ","-3.2","","-5.8","","82","","23","","13","","","","99.54","","","","-8","","NA"
"2018-01-08 15:00","2018","01","08","15:00"," ","-5.0","","-6.3","","90","","30","","5","","","","99.56","","","","-7","","NA"
"2018-01-08 16:00","2018","01","08","16:00"," ","-0.3","","-1.1","","94","","21","","13","","","","99.61","","","","-4","","NA"
"2018-01-08 17:00","2018","01","08","17:00"," ","0.2","","-0.8","","94","","20","","16","","","","99.65","","","","","","NA"
"2018-01-08 18:00","2018","01","08","18:00"," ","0.5","","-0.8","","92","","20","","16","","","","99.70","","","","","","NA"
"2018-01-08 19:00","2018","01","08","19:00"," ","1.0","","-1.1","","86","","21","","18","","","","99.74","","","","","","NA"
"2018-01-08 20:00","2018","01","08","20:00"," ","1.2","","-1.6","","81","","25","","18","","","","99.84","","","","","","NA"
"2018-01-08 21:00","2018","01","08","21:00"," ","0.2","","-3.1","","78","","27","","14","","","","99.85","","","","","","NA"
"2018-01-08 22:00","2018","01","08","22:00"," ","0.0","","-2.9","","81","","23","","8","","","","99.86","","","","-3","","NA"
"2018-01-08 23:00","2018","01","08","23:00"," ","-0.2","","-2.5","","84","","23","","8","","","","99.86","","","","-3","","NA"
"2018-01-09 00:00","2018","01","09","00:00"," ","-0.3","","-2.1","","87","","25","","6","","","","99.87","","","","-2","","NA"
"2018-01-09 01:00","2018","01","09","01:00"," ","0.3","","-2.8","","80","","25","","13","","","","99.90","","","","","","NA"
"2018-01-09 02:00","2018","01","09","02:00"," ","0.2","","-2.2","","84","","24","","15","","","","99.95","","","","","","NA"
"2018-01-09 03:00","2018","01","09","03:00"," ","0.0","","-2.6","","83","","25","","14","","","","100.02","","","","-4","","NA"
"2018-01-09 04:00","2018","01","09","04:00"," ","0.0","","-3.4","","78","","26","","21","","","","100.10","","","","-5","","NA"
"2018-01-09 05:00","2018","01","09","05:00"," ","0.0","","-4.5","","72","","27","","26","","","","100.22","","","","-6","","NA"
"2018-01-09 06:00","2018","01","09","06:00"," ","-0.5","","-4.1","","76","","28","","18","","","","100.36","","","","-6","","NA"
"2018-01-09 07:00","2018","01","09","07:00"," ","-0.7","","-5.0","","73","","27","","18","","","","100.49","","","","-6","","NA"
"2018-01-09 08:00","2018","01","09","08:00"," ","-1.1","","-5.8","","70","","27","","21","","","","100.61","","","","-7","","NA"
"2018-01-09 09:00","2018","01","09","09:00"," ","-1.5","","-5.7","","73","","29","","18","","","","100.73","","","","-7","","NA"
"2018-01-09 10:00","2018","01","09","10:00"," ","-1.7","","-6.3","","71","","29","","16","","","","100.86","","","","-7","","NA"
"2018-01-09 11:00","2018","01","09","11:00"," ","-2.1","","-6.5","","71","","29","","20","","","","100.95","","","","-8","","NA"
"2018-01-09 12:00","2018","01","09","12:00"," ","-2.4","","-7.1","","70","","30","","17","","","","100.97","","","","-8","","NA"
"2018-01-09 13:00","2018","01","09","13:00"," ","-1.9","","-7.9","","64","","30","","19","","","","101.02","","","","-7","","NA"
"2018-01-09 14:00","2018","01","09","14:00"," ","-1.7","","-8.6","","59","","30","","20","","","","101.10","","","","-7","","NA"
"2018-01-09 15:00","2018","01","09","15:00"," ","-1.5","","-8.3","","60","","28","","16","","","","101.20","","","","-6","","NA"
"2018-01-09 16:00","2018","01","09","16:00"," ","-1.8","","-9.0","","58","","29","","20","","","","101.32","","","","-8","","NA"
"2018-01-09 17:00","2018","01","09","17:00"," ","-2.4","","-9.2","","59","","27","","15","","","","101.44","","","","-7","","NA"
"2018-01-09 18:00","2018","01","09","18:00"," ","-3.7","","-9.3","","65","","26","","9","","","","101.58","","","","-7","","NA"
"2018-01-09 19:00","2018","01","09","19:00"," ","-5.8","","-10.2","","71","","28","","5","","","","101.68","","","","-8","","NA"
"2018-01-09 20:00","2018","01","09","20:00"," ","-7.7","","-10.5","","81","","27","","7","","","","101.75","","","","-11","","NA"
"2018-01-09 21:00","2018","01","09","21:00"," ","-11.8","","-15.3","","75","","24","","7","","","","101.80","","","","-16","","NA"
"2018-01-09 22:00","2018","01","09","22:00"," ","-11.6","","-12.9","","90","","30","","1","","","","101.83","","","","-12","","NA"
"2018-01-09 23:00","2018","01","09","23:00"," ","-12.7","","-14.0","","90","","24","","3","","","","101.86","","","","-15","","NA"
"2018-01-10 00:00","2018","01","10","00:00"," ","-12.4","","-13.8","","90","","22","","7","","","","101.91","","","","-17","","NA"
"2018-01-10 01:00","2018","01","10","01:00"," ","-15.3","","-17.0","","86","","15","","4","","","","101.93","","","","-18","","NA"
"2018-01-10 02:00","2018","01","10","02:00"," ","-15.9","","-17.5","","88","","0","","1","","","","101.97","","","","-17","","NA"
"2018-01-10 03:00","2018","01","10","03:00"," ","-15.7","","-17.4","","87","","16","","4","","","","101.98","","","","-19","","NA"
"2018-01-10 04:00","2018","01","10","04:00"," ","-16.7","","-18.5","","86","","0","","1","","","","101.93","","","","-17","","NA"
"2018-01-10 05:00","2018","01","10","05:00"," ","-16.1","","-17.9","","86","","36","","3","","","","101.96","","","","-18","","NA"
"2018-01-10 06:00","2018","01","10","06:00"," ","-18.3","","-20.4","","84","","","","0","","","","101.99","","","","","","NA"
"2018-01-10 07:00","2018","01","10","07:00"," ","-18.8","","-21.2","","81","","6","","4","","","","101.94","","","","-22","","NA"
"2018-01-10 08:00","2018","01","10","08:00"," ","-13.8","","-15.5","","87","","3","","2","","","","101.96","","","","-15","","NA"
"2018-01-10 09:00","2018","01","10","09:00"," ","-12.2","","-14.0","","87","","5","","6","","","","101.94","","","","-16","","NA"
"2018-01-10 10:00","2018","01","10","10:00"," ","-11.3","","-12.9","","87","","6","","7","","","","101.92","","","","-16","","NA"
"2018-01-10 11:00","2018","01","10","11:00"," ","-10.5","","-12.2","","88","","5","","9","","","","101.83","","","","-15","","NA"
"2018-01-10 12:00","2018","01","10","12:00"," ","-9.4","","-11.1","","87","","7","","10","","","","101.68","","","","-15","","NA"
"2018-01-10 13:00","2018","01","10","13:00"," ","-7.9","","-10.8","","79","","7","","13","","","","101.54","","","","-14","","NA"
"2018-01-10 14:00","2018","01","10","14:00"," ","-5.2","","-9.9","","70","","7","","10","","","","101.46","","","","-10","","NA"
"2018-01-10 15:00","2018","01","10","15:00"," ","-4.4","","-8.8","","71","","7","","9","","","","101.42","","","","-8","","NA"
"2018-01-10 16:00","2018","01","10","16:00"," ","-4.9","","-8.9","","73","","6","","11","","","","101.32","","","","-9","","NA"
"2018-01-10 17:00","2018","01","10","17:00"," ","-4.7","","-8.7","","73","","7","","11","","","","101.21","","","","-9","","NA"
"2018-01-10 18:00","2018","01","10","18:00"," ","-4.6","","-8.5","","74","","6","","11","","","","101.16","","","","-9","","NA"
"2018-01-10 19:00","2018","01","10","19:00"," ","-4.6","","-7.9","","77","","5","","10","","","","101.12","","","","-9","","NA"
"2018-01-10 20:00","2018","01","10","20:00"," ","-4.5","","-7.3","","80","","8","","11","","","","100.97","","","","-9","","NA"
"2018-01-10 21:00","2018","01","10","21:00"," ","-4.2","","-6.0","","87","","8","","12","","","","100.87","","","","-9","","NA"
"2018-01-10 22:00","2018","01","10","22:00"," ","-4.0","","-5.4","","90","","7","","6","","","","100.84","","","","-7","","NA"
"2018-01-10 23:00","2018","01","10","23:00"," ","-3.8","","-4.6","","94","","8","","7","","","","100.82","","","","-7","","NA"
"2018-01-11 00:00","2018","01","11","00:00"," ","-3.6","","-4.3","","95","","6","","5","","","","100.77","","","","-6","","NA"
"2018-01-11 01:00","2018","01","11","01:00"," ","-3.1","","-3.7","","96","","6","","4","","","","100.72","","","","-5","","NA"
"2018-01-11 02:00","2018","01","11","02:00"," ","-2.6","","-3.3","","95","","6","","5","","","","100.74","","","","-5","","NA"
"2018-01-11 03:00","2018","01","11","03:00"," ","-1.8","","-2.5","","95","","6","","6","","","","100.72","","","","-4","","NA"
"2018-01-11 04:00","2018","01","11","04:00"," ","-1.0","","-1.6","","95","","2","","3","","","","100.73","","","","-2","","NA"
"2018-01-11 05:00","2018","01","11","05:00"," ","-0.5","","-1.2","","95","","5","","3","","","","100.72","","","","-1","","NA"
"2018-01-11 06:00","2018","01","11","06:00"," ","0.0","","-0.6","","96","","1","","3","","","","100.72","","","","-1","","NA"
"2018-01-11 07:00","2018","01","11","07:00"," ","0.3","","-0.3","","96","","4","","1","","","","100.66","","","","","","NA"
"2018-01-11 08:00","2018","01","11","08:00"," ","4.2","","1.5","","82","","21","","15","","","","100.66","","","","","","NA"
"2018-01-11 09:00","2018","01","11","09:00"," ","4.7","","2.5","","85","","21","","17","","","","100.70","","","","","","NA"
"2018-01-11 10:00","2018","01","11","10:00"," ","5.0","","2.6","","84","","21","","14","","","","100.76","","","","","","NA"
"2018-01-11 11:00","2018","01","11","11:00"," ","5.9","","2.8","","81","","22","","15","","","","100.72","","","","","","NA"
"2018-01-11 12:00","2018","01","11","12:00"," ","6.7","","2.9","","76","","21","","17","","","","100.62","","","","","","NA"
"2018-01-11 13:00","2018","01","11","13:00"," ","6.2","","2.3","","76","","21","","11","","","","100.56","","","","","","NA"
"2018-01-11 14:00","2018","01","11","14:00"," ","6.3","","2.1","","74","","20","","12","","","","100.49","","","","","","NA"
"2018-01-11 15:00","2018","01","11","15:00"," ","6.2","","3.5","","83","","17","","10","","","","100.51","","","","","","NA"
"2018-01-11 16:00","2018","01","11","16:00"," ","5.2","","3.0","","86","","18","","16","","","","100.46","","","","","","NA"
"2018-01-11 17:00","2018","01","11","17:00"," ","5.3","","3.3","","87","","18","","9","","","","100.46","","","","","","NA"
"2018-01-11 18:00","2018","01","11","18:00"," ","4.9","","2.8","","86","","18","","6","","","","100.40","","","","","","NA"
"2018-01-11 19:00","2018","01","11","19:00"," ","5.0","","3.7","","92","","7","","5","","","","100.37","","","","","","NA"
"2018-01-11 20:00","2018","01","11","20:00"," ","5.9","","4.4","","90","","16","","10","","","","100.26","","","","","","NA"
"2018-01-11 21:00","2018","01","11","21:00"," ","6.7","","6.1","","96","","18","","18","","","","100.22","","","","","","NA"
"2018-01-11 22:00","2018","01","11","22:00"," ","6.7","","6.0","","96","","19","","28","","","","100.15","","","","","","NA"
"2018-01-11 23:00","2018","01","11","23:00"," ","7.1","","6.7","","97","","18","","19","","","","100.07","","","","","","NA"
"2018-01-12 00:00","2018","01","12","00:00"," ","7.1","","6.8","","98","","18","","14","","","","99.97","","","","","","NA"
"2018-01-12 01:00","2018","01","12","01:00"," ","7.9","","7.6","","98","","19","","21","","","","99.87","","","","","","NA"
"2018-01-12 02:00","2018","01","12","02:00"," ","8.6","","8.1","","97","","20","","21","","","","99.84","","","","","","NA"
"2018-01-12 03:00","2018","01","12","03:00"," ","8.2","","7.6","","96","","20","","16","","","","99.75","","","","","","NA"
"2018-01-12 04:00","2018","01","12","04:00"," ","8.3","","7.2","","93","","20","","20","","","","99.64","","","","","","NA"
"2018-01-12 05:00","2018","01","12","05:00"," ","8.6","","8.1","","97","","19","","20","","","","99.54","","","","","","NA"
"2018-01-12 06:00","2018","01","12","06:00"," ","9.3","","8.7","","97","","19","","23","","","","99.52","","","","","","NA"
"2018-01-12 07:00","2018","01","12","07:00"," ","9.4","","8.8","","96","","19","","25","","","","99.43","","","","","","NA"
"2018-01-12 08:00","2018","01","12","08:00"," ","10.0","","9.6","","98","","19","","20","","","","99.35","","","","","","NA"
"2018-01-12 09:00","2018","01","12","09:00"," ","10.7","","10.3","","98","","18","","20","","","","99.28","","","","","","NA"
"2018-01-12 10:00","2018","01","12","10:00"," ","10.1","","9.8","","98","","18","","14","","","","99.21","","","","","","NA"
"2018-01-12 11:00","2018","01","12","11:00"," ","10.5","","10.2","","98","","18","","14","","","","99.11","","","","","","NA"
"2018-01-12 12:00","2018","01","12","12:00"," ","11.1","","10.9","","99","","27","","14","","","","99.08","","","","","","NA"
"2018-01-12 13:00","2018","01","12","13:00"," ","3.7","","3.2","","97","","27","","28","","","","99.22","","","","","","NA"
"2018-01-12 14:00","2018","01","12","14:00"," ","1.4","","-0.4","","88","","32","","29","","","","99.37","","","","","","NA"
"2018-01-12 15:00","2018","01","12","15:00"," ","-0.9","","-2.6","","88","","32","","26","","","","99.56","","","","-7","","NA"
"2018-01-12 16:00","2018","01","12","16:00"," ","-4.1","","-6.5","","83","","32","","27","","","","99.78","","","","-11","","NA"
"2018-01-12 17:00","2018","01","12","17:00"," ","-6.7","","-9.2","","82","","33","","24","","","","99.95","","","","-14","","NA"
"2018-01-12 18:00","2018","01","12","18:00"," ","-8.5","","-10.8","","83","","32","","23","","","","100.14","","","","-17","","NA"
"2018-01-12 19:00","2018","01","12","19:00"," ","-9.6","","-11.3","","88","","31","","21","","","","100.33","","","","-18","","NA"
"2018-01-12 20:00","2018","01","12","20:00"," ","-10.5","","-13.2","","81","","33","","21","","","","100.46","","","","-19","","NA"
"2018-01-12 21:00","2018","01","12","21:00"," ","-11.2","","-13.5","","83","","32","","20","","","","100.59","","","","-19","","NA"
"2018-01-12 22:00","2018","01","12","22:00"," ","-11.1","","-15.2","","72","","32","","23","","","","100.68","","","","-20","","NA"
"2018-01-12 23:00","2018","01","12","23:00"," ","-11.9","","-14.7","","79","","33","","24","","","","100.58","","","","-21","","NA"
"2018-01-13 00:00","2018","01","13","00:00"," ","-12.3","","-15.2","","79","","33","","20","","","","100.60","","","","-21","","NA"
"2018-01-13 01:00","2018","01","13","01:00"," ","-12.5","","-16.2","","73","","33","","18","","","","100.53","","","","-21","","NA"
"2018-01-13 02:00","2018","01","13","02:00"," ","-12.9","","-16.7","","74","","33","","23","","","","100.57","","","","-22","","NA"
"2018-01-13 03:00","2018","01","13","03:00"," ","-13.5","","-17.2","","74","","33","","22","","","","100.54","","","","-23","","NA"
"2018-01-13 04:00","2018","01","13","04:00"," ","-13.8","","-17.9","","71","","32","","20","","","","100.58","","","","-23","","NA"
"2018-01-13 05:00","2018","01","13","05:00"," ","-15.0","","-19.4","","69","","32","","27","","","","100.65","","","","-26","","NA"
"2018-01-13 06:00","2018","01","13","06:00"," ","-15.2","","-19.8","","68","","33","","23","","","","100.61","","","","-25","","NA"
"2018-01-13 07:00","2018","01","13","07:00"," ","-15.9","","-21.0","","65","","31","","26","","","","100.71","","","","-27","","NA"
"2018-01-13 08:00","2018","01","13","08:00"," ","-16.4","","-22.0","","62","","32","","26","","","","100.96","","","","-27","","NA"
"2018-01-13 09:00","2018","01","13","09:00"," ","-17.0","","-22.7","","62","","33","","27","","","","101.03","","","","-28","","NA"
"2018-01-13 10:00","2018","01","13","10:00"," ","-16.8","","-22.8","","60","","33","","19","","","","101.19","","","","-26","","NA"
"2018-01-13 11:00","2018","01","13","11:00"," ","-16.7","","-23.0","","58","","33","","25","","","","101.26","","","","-27","","NA"
"2018-01-13 12:00","2018","01","13","12:00"," ","-16.3","","-22.9","","57","","33","","19","","","","101.38","","","","-26","","NA"
"2018-01-13 13:00","2018","01","13","13:00"," ","-16.0","","-22.5","","57","","32","","24","","","","101.39","","","","-26","","NA"
"2018-01-13 14:00","2018","01","13","14:00"," ","-15.7","","-23.1","","53","","31","","24","","","","101.43","","","","-26","","NA"
"2018-01-13 15:00","2018","01","13","15:00"," ","-15.4","","-23.2","","51","","34","","21","","","","101.53","","","","-25","","NA"
"2018-01-13 16:00","2018","01","13","16:00"," ","-15.4","","-23.2","","51","","32","","23","","","","101.64","","","","-25","","NA"
"2018-01-13 17:00","2018","01","13","17:00"," ","-15.7","","-22.6","","55","","33","","15","","","","101.80","","","","-24","","NA"
"2018-01-13 18:00","2018","01","13","18:00"," ","-15.9","","-22.4","","58","","31","","12","","","","101.95","","","","-23","","NA"
"2018-01-13 19:00","2018","01","13","19:00"," ","-16.3","","-22.0","","61","","29","","12","","","","102.08","","","","-24","","NA"
"2018-01-13 20:00","2018","01","13","20:00"," ","-16.7","","-22.2","","62","","31","","14","","","","102.18","","","","-25","","NA"
"2018-01-13 21:00","2018","01","13","21:00"," ","-17.3","","-22.5","","64","","32","","13","","","","102.26","","","","-25","","NA"
"2018-01-13 22:00","2018","01","13","22:00"," ","-18.1","","-23.3","","64","","32","","14","","","","102.35","","","","-26","","NA"
"2018-01-13 23:00","2018","01","13","23:00"," ","-18.8","","-23.9","","65","","31","","18","","","","102.42","","","","-28","","NA"
"2018-01-14 00:00","2018","01","14","00:00"," ","-19.7","","-24.5","","66","","31","","18","","","","102.45","","","","-30","","NA"
"2018-01-14 01:00","2018","01","14","01:00"," ","-20.6","","-25.1","","67","","33","","12","","","","102.49","","","","-29","","NA"
"2018-01-14 02:00","2018","01","14","02:00"," ","-20.9","","-25.5","","67","","34","","13","","","","102.58","","","","-30","","NA"
"2018-01-14 03:00","2018","01","14","03:00"," ","-21.5","","-25.8","","69","","36","","5","","","","102.67","","","","-26","","NA"
"2018-01-14 04:00","2018","01","14","04:00"," ","-21.6","","-25.5","","71","","30","","6","","","","102.72","","","","-27","","NA"
"2018-01-14 05:00","2018","01","14","05:00"," ","-22.2","","-25.3","","76","","27","","4","","","","102.78","","","","-26","","NA"
"2018-01-14 06:00","2018","01","14","06:00"," ","-22.7","","-25.9","","75","","28","","8","","","","102.86","","","","-29","","NA"
"2018-01-14 07:00","2018","01","14","07:00"," ","-22.8","","-25.6","","78","","30","","5","","","","102.96","","","","-27","","NA"
"2018-01-14 08:00","2018","01","14","08:00"," ","-22.6","","-25.6","","77","","27","","7","","","","103.00","","","","-29","","NA"
"2018-01-14 09:00","2018","01","14","09:00"," ","-20.9","","-26.0","","64","","25","","4","","","","103.11","","","","-24","","NA"
"2018-01-14 10:00","2018","01","14","10:00"," ","-19.6","","-25.3","","60","","32","","3","","","","103.14","","","","-22","","NA"
"2018-01-14 11:00","2018","01","14","11:00"," ","-18.7","","-25.8","","54","","18","","4","","","","103.15","","","","-22","","NA"
"2018-01-14 12:00","2018","01","14","12:00"," ","-16.4","","-24.8","","48","","16","","2","","","","103.13","","","","-18","","NA"
"2018-01-14 13:00","2018","01","14","13:00"," ","-16.8","","-24.9","","49","","18","","6","","","","103.10","","","","-21","","NA"
"2018-01-14 14:00","2018","01","14","14:00"," ","-16.1","","-23.7","","52","","19","","6","","","","103.09","","","","-21","","NA"
"2018-01-14 15:00","2018","01","14","15:00"," ","-15.3","","-22.7","","53","","16","","5","","","","103.12","","","","-19","","NA"
"2018-01-14 16:00","2018","01","14","16:00"," ","-15.5","","-22.1","","57","","17","","8","","","","103.14","","","","-21","","NA"
"2018-01-14 17:00","2018","01","14","17:00"," ","-16.2","","-21.7","","63","","15","","8","","","","103.18","","","","-22","","NA"
"2018-01-14 18:00","2018","01","14","18:00"," ","-17.8","","-22.0","","70","","13","","7","","","","103.20","","","","-23","","NA"
"2018-01-14 19:00","2018","01","14","19:00"," ","-19.2","","-22.8","","73","","14","","4","","","","103.23","","","","-23","","NA"
"2018-01-14 20:00","2018","01","14","20:00"," ","-20.5","","-23.5","","77","","","","0","","","","103.23","","","","","","NA"
"2018-01-14 21:00","2018","01","14","21:00"," ","-19.7","","-22.0","","82","","8","","8","","","","103.26","","","","-26","","NA"
"2018-01-14 22:00","2018","01","14","22:00"," ","-20.1","","-22.7","","80","","6","","7","","","","103.29","","","","-26","","NA"
"2018-01-14 23:00","2018","01","14","23:00"," ","-20.0","","-22.8","","78","","10","","6","","","","103.32","","","","-25","","NA"
"2018-01-15 00:00","2018","01","15","00:00"," ","-20.7","","-23.6","","78","","6","","9","","","","103.27","","","","-28","","NA"
"2018-01-15 01:00","2018","01","15","01:00"," ","-20.9","","-23.9","","77","","5","","7","","","","103.28","","","","-27","","NA"
"2018-01-15 02:00","2018","01","15","02:00"," ","-21.2","","-24.1","","77","","5","","6","","","","103.33","","","","-26","","NA"
"2018-01-15 03:00","2018","01","15","03:00"," ","-21.5","","-24.3","","78","","6","","7","","","","103.39","","","","-27","","NA"
"2018-01-15 04:00","2018","01","15","04:00"," ","-21.8","","-24.7","","77","","6","","12","","","","103.41","","","","-30","","NA"
"2018-01-15 05:00","2018","01","15","05:00"," ","-21.5","","-24.5","","76","","5","","10","","","","103.39","","","","-29","","NA"
"2018-01-15 06:00","2018","01","15","06:00"," ","-21.7","","-24.7","","77","","5","","11","","","","103.36","","","","-30","","NA"
"2018-01-15 07:00","2018","01","15","07:00"," ","-21.9","","-25.0","","76","","7","","15","","","","103.34","","","","-31","","NA"
"2018-01-15 08:00","2018","01","15","08:00"," ","-21.7","","-24.6","","77","","7","","14","","","","103.29","","","","-31","","NA"
"2018-01-15 09:00","2018","01","15","09:00"," ","-21.0","","-24.8","","72","","7","","18","","","","103.35","","","","-31","","NA"
"2018-01-15 10:00","2018","01","15","10:00"," ","-19.7","","-24.5","","65","","7","","23","","","","103.33","","","","-31","","NA"
"2018-01-15 11:00","2018","01","15","11:00"," ","-18.5","","-24.4","","60","","7","","22","","","","103.24","","","","-29","","NA"
"2018-01-15 12:00","2018","01","15","12:00"," ","-17.5","","-23.8","","58","","8","","22","","","","103.11","","","","-28","","NA"
"2018-01-15 13:00","2018","01","15","13:00"," ","-16.7","","-23.5","","56","","7","","25","","","","103.01","","","","-27","","NA"
"2018-01-15 14:00","2018","01","15","14:00"," ","-15.6","","-23.5","","51","","7","","21","","","","102.91","","","","-25","","NA"
"2018-01-15 15:00","2018","01","15","15:00"," ","-15.5","","-23.3","","51","","9","","14","","","","102.85","","","","-23","","NA"
"2018-01-15 16:00","2018","01","15","16:00"," ","-15.6","","-22.4","","56","","7","","18","","","","102.78","","","","-24","","NA"
"2018-01-15 17:00","2018","01","15","17:00"," ","-16.1","","-22.0","","61","","7","","19","","","","102.75","","","","-25","","NA"
"2018-01-15 18:00","2018","01","15","18:00"," ","-16.2","","-21.5","","63","","7","","17","","","","102.69","","","","-25","","NA"
"2018-01-15 19:00","2018","01","15","19:00"," ","-15.7","","-21.0","","64","","7","","24","","","","102.67","","","","-26","","NA"
"2018-01-15 20:00","2018","01","15","20:00"," ","-16.3","","-20.5","","69","","8","","20","","","","102.63","","","","-26","","NA"
"2018-01-15 21:00","2018","01","15","21:00"," ","-15.9","","-19.9","","71","","7","","22","","","","102.51","","","","-26","","NA"
"2018-01-15 22:00","2018","01","15","22:00"," ","-15.4","","-19.3","","72","","7","","20","","","","102.43","","","","-25","","NA"
"2018-01-15 23:00","2018","01","15","23:00"," ","-14.9","","-18.6","","73","","7","","15","","","","102.37","","","","-23","","NA"
"2018-01-16 00:00","2018","01","16","00:00"," ","-14.5","","-18.0","","74","","7","","17","","","","102.26","","","","-23","","NA"
"2018-01-16 01:00","2018","01","16","01:00"," ","-14.4","","-17.1","","80","","7","","16","","","","102.18","","","","-22","","NA"
"2018-01-16 02:00","2018","01","16","02:00"," ","-14.3","","-16.7","","82","","6","","15","","","","102.16","","","","-22","","NA"
"2018-01-16 03:00","2018","01","16","03:00"," ","-14.3","","-16.6","","82","","7","","13","","","","102.13","","","","-21","","NA"
"2018-01-16 04:00","2018","01","16","04:00"," ","-14.1","","-16.5","","82","","6","","9","","","","102.11","","","","-20","","NA"
"2018-01-16 05:00","2018","01","16","05:00"," ","-14.1","","-16.7","","81","","7","","13","","","","102.06","","","","-21","","NA"
"2018-01-16 06:00","2018","01","16","06:00"," ","-14.2","","-16.8","","81","","7","","11","","","","102.09","","","","-21","","NA"
"2018-01-16 07:00","2018","01","16","07:00"," ","-14.2","","-16.9","","80","","7","","11","","","","102.12","","","","-21","","NA"
"2018-01-16 08:00","2018","01","16","08:00"," ","-14.6","","-17.1","","81","","5","","10","","","","102.10","","","","-21","","NA"
"2018-01-16 09:00","2018","01","16","09:00"," ","-14.1","","-16.9","","79","","7","","9","","","","102.14","","","","-20","","NA"
"2018-01-16 10:00","2018","01","16","10:00"," ","-13.7","","-16.9","","77","","8","","12","","","","102.15","","","","-20","","NA"
"2018-01-16 11:00","2018","01","16","11:00"," ","-12.9","","-16.6","","74","","8","","8","","","","102.13","","","","-18","","NA"
"2018-01-16 12:00","2018","01","16","12:00"," ","-12.2","","-16.1","","73","","11","","2","","","","102.07","","","","-13","","NA"
"2018-01-16 13:00","2018","01","16","13:00"," ","-11.3","","-15.6","","70","","8","","3","","","","101.99","","","","-13","","NA"
"2018-01-16 14:00","2018","01","16","14:00"," ","-11.5","","-16.0","","69","","5","","4","","","","101.95","","","","-14","","NA"
"2018-01-16 15:00","2018","01","16","15:00"," ","-10.7","","-15.7","","67","","14","","1","","","","101.96","","","","-11","","NA"
"2018-01-16 16:00","2018","01","16","16:00"," ","-10.4","","-14.2","","74","","12","","4","","","","102.00","","","","-13","","NA"
"2018-01-16 17:00","2018","01","16","17:00"," ","-11.5","","-15.1","","75","","9","","8","","","","101.97","","","","-16","","NA"
"2018-01-16 18:00","2018","01","16","18:00"," ","-13.3","","-15.4","","84","","17","","4","","","","102.03","","","","-16","","NA"
"2018-01-16 19:00","2018","01","16","19:00"," ","-11.0","","-13.8","","79","","11","","8","","","","102.02","","","","-16","","NA"
"2018-01-16 20:00","2018","01","16","20:00"," ","-11.5","","-14.1","","81","","13","","3","","","","102.01","","","","-13","","NA"
"2018-01-16 21:00","2018","01","16","21:00"," ","-11.4","","-13.5","","84","","15","","6","","","","102.00","","","","-15","","NA"
"2018-01-16 22:00","2018","01","16","22:00"," ","-11.3","","-13.8","","82","","14","","4","","","","101.97","","","","-14","","NA"
"2018-01-16 23:00","2018","01","16","23:00"," ","-11.3","","-13.8","","81","","8","","2","","","","101.94","","","","-13","","NA"
"2018-01-17 00:00","2018","01","17","00:00"," ","-14.3","","-15.7","","89","","14","","2","","","","101.91","","","","-16","","NA"
"2018-01-17 01:00","2018","01","17","01:00"," ","-15.0","","-16.6","","88","","18","","8","","","","101.90","","","","-20","","NA"
"2018-01-17 02:00","2018","01","17","02:00"," ","-16.4","","-18.1","","87","","10","","3","","","","101.85","","","","-19","","NA"
"2018-01-17 03:00","2018","01","17","03:00"," ","-15.1","","-16.9","","86","","1","","2","","","","101.87","","","","-17","","NA"
"2018-01-17 04:00","2018","01","17","04:00"," ","-12.9","","-14.6","","87","","","","0","","","","101.86","","","","","","NA"
"2018-01-17 05:00","2018","01","17","05:00"," ","-12.6","","-14.2","","87","","15","","1","","","","101.84","","","","-13","","NA"
"2018-01-17 06:00","2018","01","17","06:00"," ","-12.4","","-14.0","","88","","0","","1","","","","101.84","","","","-13","","NA"
"2018-01-17 07:00","2018","01","17","07:00"," ","-12.1","","-13.7","","88","","15","","4","","","","101.80","","","","-15","","NA"
"2018-01-17 08:00","2018","01","17","08:00"," ","-11.9","","-13.5","","88","","","","0","","","","101.77","","","","","","NA"
"2018-01-17 09:00","2018","01","17","09:00"," ","-11.2","","-12.9","","88","","12","","2","","","","101.78","","","","-12","","NA"
"2018-01-17 10:00","2018","01","17","10:00"," ","-10.2","","-12.2","","85","","0","","1","","","","101.75","","","","-11","","NA"
"2018-01-17 11:00","2018","01","17","11:00"," ","-9.5","","-13.0","","76","","18","","4","","","","101.69","","","","-12","","NA"
"2018-01-17 12:00","2018","01","17","12:00"," ","-8.1","","-11.4","","77","","17","","2","","","","101.55","","","","-9","","NA"
"2018-01-17 13:00","2018","01","17","13:00"," ","-6.6","","-11.1","","70","","19","","8","","","","101.41","","","","-10","","NA"
"2018-01-17 14:00","2018","01","17","14:00"," ","-5.8","","-10.0","","72","","18","","17","","","","101.27","","","","-12","","NA"
"2018-01-17 15:00","2018","01","17","15:00"," ","-5.4","","-10.0","","70","","19","","20","","","","101.19","","","","-12","","NA"
"2018-01-17 16:00","2018","01","17","16:00"," ","-5.6","","-10.4","","69","","19","","20","","","","101.13","","","","-12","","NA"
"2018-01-17 17:00","2018","01","17","17:00"," ","-5.8","","-11.1","","66","","20","","21","","","","101.04","","","","-13","","NA"
"2018-01-17 18:00","2018","01","17","18:00"," ","-6.5","","-11.4","","68","","20","","15","","","","101.00","","","","-12","","NA"
"2018-01-17 19:00","2018","01","17","19:00"," ","-6.8","","-11.0","","72","","19","","18","","","","100.89","","","","-13","","NA"
"2018-01-17 20:00","2018","01","17","20:00"," ","-7.0","","-11.2","","72","","19","","20","","","","100.81","","","","-14","","NA"
"2018-01-17 21:00","2018","01","17","21:00"," ","-6.9","","-11.3","","71","","21","","20","","","","100.72","","","","-14","","NA"
"2018-01-17 22:00","2018","01","17","22:00"," ","-6.3","","-11.1","","68","","22","","18","","","","100.63","","","","-13","","NA"
"2018-01-17 23:00","2018","01","17","23:00"," ","-6.2","","-10.5","","72","","22","","23","","","","100.60","","","","-14","","NA"
"2018-01-18 00:00","2018","01","18","00:00"," ","-6.6","","-10.4","","74","","22","","17","","","","100.61","","","","-13","","NA"
"2018-01-18 01:00","2018","01","18","01:00"," ","-6.6","","-10.4","","74","","21","","20","","","","100.53","","","","-14","","NA"
"2018-01-18 02:00","2018","01","18","02:00"," ","-6.5","","-9.9","","76","","20","","28","","","","100.44","","","","-15","","NA"
"2018-01-18 03:00","2018","01","18","03:00"," ","-5.9","","-10.1","","72","","21","","21","","","","100.45","","","","-13","","NA"
"2018-01-18 04:00","2018","01","18","04:00"," ","-5.7","","-10.0","","72","","23","","15","","","","100.40","","","","-11","","NA"
"2018-01-18 05:00","2018","01","18","05:00"," ","-5.5","","-9.9","","71","","23","","16","","","","100.37","","","","-11","","NA"
"2018-01-18 06:00","2018","01","18","06:00"," ","-5.7","","-9.9","","72","","23","","16","","","","100.35","","","","-12","","NA"
"2018-01-18 07:00","2018","01","18","07:00"," ","-5.7","","-9.8","","73","","23","","11","","","","100.38","","","","-10","","NA"
"2018-01-18 08:00","2018","01","18","08:00"," ","-5.6","","-9.8","","72","","25","","10","","","","100.41","","","","-10","","NA"
"2018-01-18 09:00","2018","01","18","09:00"," ","-5.5","","-9.5","","74","","24","","14","","","","100.43","","","","-11","","NA"
"2018-01-18 10:00","2018","01","18","10:00"," ","-5.3","","-9.3","","73","","23","","15","","","","100.42","","","","-11","","NA"
"2018-01-18 11:00","2018","01","18","11:00"," ","-4.9","","-9.1","","73","","23","","15","","","","100.43","","","","-10","","NA"
"2018-01-18 12:00","2018","01","18","12:00"," ","-4.6","","-8.9","","72","","23","","15","","","","100.37","","","","-10","","NA"
"2018-01-18 13:00","2018","01","18","13:00"," ","-4.2","","-8.6","","71","","23","","16","","","","100.33","","","","-10","","NA"
"2018-01-18 14:00","2018","01","18","14:00"," ","-4.1","","-8.4","","72","","22","","12","","","","100.29","","","","-9","","NA"
"2018-01-18 15:00","2018","01","18","15:00"," ","-3.9","","-8.2","","72","","23","","14","","","","100.34","","","","-9","","NA"
"2018-01-18 16:00","2018","01","18","16:00"," ","-3.9","","-8.1","","72","","22","","15","","","","100.34","","","","-9","","NA"
"2018-01-18 17:00","2018","01","18","17:00"," ","-4.2","","-8.1","","74","","22","","14","","","","100.32","","","","-9","","NA"
"2018-01-18 18:00","2018","01","18","18:00"," ","-4.2","","-8.1","","74","","23","","15","","","","100.33","","","","-10","","NA"
"2018-01-18 19:00","2018","01","18","19:00"," ","-4.3","","-8.1","","74","","22","","15","","","","100.32","","","","-10","","NA"
"2018-01-18 20:00","2018","01","18","20:00"," ","-4.4","","-8.1","","75","","22","","14","","","","100.32","","","","-10","","NA"
"2018-01-18 21:00","2018","01","18","21:00"," ","-4.4","","-7.9","","77","","22","","11","","","","100.32","","","","-9","","NA"
"2018-01-18 22:00","2018","01","18","22:00"," ","-4.2","","-7.7","","77","","22","","10","","","","100.32","","","","-8","","NA"
"2018-01-18 23:00","2018","01","18","23:00"," ","-4.2","","-7.6","","77","","22","","11","","","","100.33","","","","-9","","NA"
"2018-01-19 00:00","2018","01","19","00:00"," ","-4.3","","-7.5","","78","","22","","9","","","","100.29","","","","-8","","NA"
"2018-01-19 01:00","2018","01","19","01:00"," ","-4.5","","-7.4","","80","","19","","9","","","","100.25","","","","-8","","NA"
"2018-01-19 02:00","2018","01","19","02:00"," ","-4.6","","-7.5","","80","","19","","11","","","","100.20","","","","-9","","NA"
"2018-01-19 03:00","2018","01","19","03:00"," ","-4.7","","-7.4","","81","","20","","11","","","","100.21","","","","-9","","NA"
"2018-01-19 04:00","2018","01","19","04:00"," ","-4.7","","-7.5","","81","","21","","8","","","","100.20","","","","-8","","NA"
"2018-01-19 05:00","2018","01","19","05:00"," ","-4.7","","-7.4","","81","","20","","7","","","","100.18","","","","-8","","NA"
"2018-01-19 06:00","2018","01","19","06:00"," ","-4.6","","-7.1","","83","","20","","10","","","","100.16","","","","-9","","NA"
"2018-01-19 07:00","2018","01","19","07:00"," ","-4.5","","-6.8","","84","","21","","9","","","","100.18","","","","-8","","NA"
"2018-01-19 08:00","2018","01","19","08:00"," ","-4.4","","-6.9","","82","","22","","10","","","","100.16","","","","-9","","NA"
"2018-01-19 09:00","2018","01","19","09:00"," ","-4.2","","-6.9","","81","","21","","10","","","","100.15","","","","-8","","NA"
"2018-01-19 10:00","2018","01","19","10:00"," ","-4.0","","-6.4","","83","","21","","9","","","","100.19","","","","-8","","NA"
"2018-01-19 11:00","2018","01","19","11:00"," ","-3.6","","-6.5","","80","","21","","10","","","","100.18","","","","-8","","NA"
"2018-01-19 12:00","2018","01","19","12:00"," ","-3.1","","-6.4","","78","","21","","12","","","","100.11","","","","-8","","NA"
"2018-01-19 13:00","2018","01","19","13:00"," ","-2.7","","-6.2","","77","","21","","15","","","","100.02","","","","-8","","NA"
"2018-01-19 14:00","2018","01","19","14:00"," ","-2.5","","-5.7","","79","","20","","15","","","","99.97","","","","-7","","NA"
"2018-01-19 15:00","2018","01","19","15:00"," ","-2.1","","-5.1","","80","","20","","17","","","","99.89","","","","-7","","NA"
"2018-01-19 16:00","2018","01","19","16:00"," ","-1.7","","-4.3","","82","","21","","13","","","","99.88","","","","-6","","NA"
"2018-01-19 17:00","2018","01","19","17:00"," ","-1.3","","-4.5","","78","","21","","11","","","","99.86","","","","-5","","NA"
"2018-01-19 18:00","2018","01","19","18:00"," ","-0.7","","-3.6","","81","","22","","14","","","","99.83","","","","-5","","NA"
"2018-01-19 19:00","2018","01","19","19:00"," ","-0.9","","-4.2","","78","","20","","18","","","","99.75","","","","-6","","NA"
"2018-01-19 20:00","2018","01","19","20:00"," ","-0.6","","-4.5","","75","","21","","18","","","","99.70","","","","-6","","NA"
"2018-01-19 21:00","2018","01","19","21:00"," ","-0.7","","-4.7","","74","","20","","16","","","","99.57","","","","-5","","NA"
"2018-01-19 22:00","2018","01","19","22:00"," ","-0.4","","-4.4","","74","","20","","18","","","","99.41","","","","-5","","NA"
"2018-01-19 23:00","2018","01","19","23:00"," ","-0.1","","-4.1","","74","","20","","16","","","","99.28","","","","-5","","NA"
"2018-01-20 00:00","2018","01","20","00:00"," ","0.7","","-3.5","","73","","22","","21","","","","99.20","","","","","","NA"
"2018-01-20 01:00","2018","01","20","01:00"," ","0.2","","-3.1","","79","","19","","13","","","","99.10","","","","","","NA"
"2018-01-20 02:00","2018","01","20","02:00"," ","0.2","","-3.5","","76","","20","","17","","","","99.03","","","","","","NA"
"2018-01-20 03:00","2018","01","20","03:00"," ","1.2","","-3.7","","70","","21","","24","","","","98.91","","","","","","NA"
"2018-01-20 04:00","2018","01","20","04:00"," ","2.1","","-3.7","","65","","22","","27","","","","98.89","","","","","","NA"
"2018-01-20 05:00","2018","01","20","05:00"," ","2.4","","-3.9","","63","","23","","23","","","","98.94","","","","","","NA"
"2018-01-20 06:00","2018","01","20","06:00"," ","2.3","","-3.8","","64","","22","","19","","","","99.01","","","","","","NA"
"2018-01-20 07:00","2018","01","20","07:00"," ","2.3","","-3.7","","64","","22","","20","","","","99.12","","","","","","NA"
"2018-01-20 08:00","2018","01","20","08:00"," ","2.3","","-3.5","","66","","21","","18","","","","99.20","","","","","","NA"
"2018-01-20 09:00","2018","01","20","09:00"," ","2.6","","-3.1","","66","","21","","19","","","","99.31","","","","","","NA"
"2018-01-20 10:00","2018","01","20","10:00"," ","2.9","","-2.8","","66","","21","","22","","","","99.41","","","","","","NA"
"2018-01-20 11:00","2018","01","20","11:00"," ","3.2","","-2.6","","66","","22","","23","","","","99.47","","","","","","NA"
"2018-01-20 12:00","2018","01","20","12:00"," ","3.7","","-2.2","","65","","22","","23","","","","99.48","","","","","","NA"
"2018-01-20 13:00","2018","01","20","13:00"," ","4.9","","-1.7","","62","","24","","21","","","","99.46","","","","","","NA"
"2018-01-20 14:00","2018","01","20","14:00"," ","5.8","","-1.7","","58","","24","","20","","","","99.55","","","","","","NA"
"2018-01-20 15:00","2018","01","20","15:00"," ","5.9","","-1.8","","57","","24","","18","","","","99.65","","","","","","NA"
"2018-01-20 16:00","2018","01","20","16:00"," ","6.0","","-2.1","","56","","26","","17","","","","99.79","","","","","","NA"
"2018-01-20 17:00","2018","01","20","17:00"," ","5.5","","-2.0","","59","","26","","15","","","","99.93","","","","","","NA"
"2018-01-20 18:00","2018","01","20","18:00"," ","4.8","","-2.0","","62","","25","","13","","","","100.01","","","","","","NA"
"2018-01-20 19:00","2018","01","20","19:00"," ","3.8","","-1.7","","67","","29","","8","","","","100.17","","","","","","NA"
"2018-01-20 20:00","2018","01","20","20:00"," ","3.2","","-1.3","","72","","34","","8","","","","100.22","","","","","","NA"
"2018-01-20 21:00","2018","01","20","21:00"," ","2.4","","-2.5","","70","","34","","13","","","","100.37","","","","","","NA"
"2018-01-20 22:00","2018","01","20","22:00"," ","2.0","","-2.8","","71","","29","","7","","","","100.43","","","","","","NA"
"2018-01-20 23:00","2018","01","20","23:00"," ","1.6","","-3.4","","69","","28","","9","","","","100.47","","","","","","NA"
"2018-01-21 00:00","2018","01","21","00:00"," ","1.3","","-4.2","","67","","29","","10","","","","100.52","","","","","","NA"
"2018-01-21 01:00","2018","01","21","01:00"," ","1.0","","-4.1","","69","","27","","6","","","","100.58","","","","","","NA"
"2018-01-21 02:00","2018","01","21","02:00"," ","0.7","","-3.8","","72","","25","","7","","","","100.63","","","","","","NA"
"2018-01-21 03:00","2018","01","21","03:00"," ","0.5","","-3.8","","73","","28","","7","","","","100.72","","","","","","NA"
"2018-01-21 04:00","2018","01","21","04:00"," ","0.2","","-4.5","","71","","35","","6","","","","100.77","","","","","","NA"
"2018-01-21 05:00","2018","01","21","05:00"," ","-0.1","","-4.8","","71","","35","","2","","","","100.79","","","","-1","","NA"
"2018-01-21 06:00","2018","01","21","06:00"," ","-0.2","","-5.3","","69","","36","","7","","","","100.88","","","","-3","","NA"
"2018-01-21 07:00","2018","01","21","07:00"," ","-0.9","","-5.1","","73","","8","","4","","","","100.93","","","","-2","","NA"
"2018-01-21 08:00","2018","01","21","08:00"," ","-1.0","","-5.2","","73","","4","","4","","","","101.01","","","","-2","","NA"
"2018-01-21 09:00","2018","01","21","09:00"," ","-0.6","","-6.1","","66","","8","","5","","","","101.05","","","","-2","","NA"
"2018-01-21 10:00","2018","01","21","10:00"," ","-0.3","","-5.9","","66","","8","","6","","","","101.08","","","","-2","","NA"
"2018-01-21 11:00","2018","01","21","11:00"," ","-0.2","","-6.4","","63","","6","","10","","","","101.09","","","","-4","","NA"
"2018-01-21 12:00","2018","01","21","12:00"," ","0.4","","-6.3","","61","","8","","6","","","","101.03","","","","","","NA"
"2018-01-21 13:00","2018","01","21","13:00"," ","1.3","","-6.1","","58","","11","","2","","","","101.00","","","","","","NA"
"2018-01-21 14:00","2018","01","21","14:00"," ","1.1","","-5.4","","62","","5","","5","","","","100.98","","","","","","NA"
"2018-01-21 15:00","2018","01","21","15:00"," ","1.0","","-5.7","","61","","5","","9","","","","101.04","","","","","","NA"
"2018-01-21 16:00","2018","01","21","16:00"," ","0.9","","-4.7","","66","","9","","6","","","","101.07","","","","","","NA"
"2018-01-21 17:00","2018","01","21","17:00"," ","0.6","","-4.6","","68","","7","","11","","","","101.11","","","","","","NA"
"2018-01-21 18:00","2018","01","21","18:00"," ","0.0","","-4.6","","71","","6","","11","","","","101.11","","","","-4","","NA"
"2018-01-21 19:00","2018","01","21","19:00"," ","-0.7","","-3.8","","79","","7","","10","","","","101.16","","","","-4","","NA"
"2018-01-21 20:00","2018","01","21","20:00"," ","-1.5","","-4.2","","82","","7","","11","","","","101.16","","","","-5","","NA"
"2018-01-21 21:00","2018","01","21","21:00"," ","-1.9","","-3.5","","89","","6","","12","","","","101.16","","","","-6","","NA"
"2018-01-21 22:00","2018","01","21","22:00"," ","-2.3","","-3.5","","92","","7","","13","","","","101.21","","","","-7","","NA"
"2018-01-21 23:00","2018","01","21","23:00"," ","-2.2","","-3.6","","90","","6","","13","","","","101.23","","","","-7","","NA"
"2018-01-22 00:00","2018","01","22","00:00"," ","-2.5","","-3.8","","91","","6","","16","","","","101.24","","","","-8","","NA"
"2018-01-22 01:00","2018","01","22","01:00"," ","-3.6","","-5.4","","88","","6","","18","","","","101.27","","","","-9","","NA"
"2018-01-22 02:00","2018","01","22","02:00"," ","-4.2","","-6.0","","88","","6","","18","","","","101.32","","","","-10","","NA"
"2018-01-22 03:00","2018","01","22","03:00"," ","-4.9","","-6.8","","86","","6","","17","","","","101.34","","","","-11","","NA"
"2018-01-22 04:00","2018","01","22","04:00"," ","-5.4","","-7.3","","86","","7","","20","","","","101.33","","","","-12","","NA"
"2018-01-22 05:00","2018","01","22","05:00"," ","-6.0","","-8.1","","85","","6","","17","","","","101.39","","","","-12","","NA"
"2018-01-22 06:00","2018","01","22","06:00"," ","-6.2","","-8.6","","83","","7","","18","","","","101.47","","","","-13","","NA"
"2018-01-22 07:00","2018","01","22","07:00"," ","-6.8","","-10.2","","77","","8","","23","","","","101.54","","","","-14","","NA"
"2018-01-22 08:00","2018","01","22","08:00"," ","-7.1","","-10.7","","75","","7","","21","","","","101.61","","","","-14","","NA"
"2018-01-22 09:00","2018","01","22","09:00"," ","-7.3","","-10.1","","80","","8","","21","","","","101.65","","","","-15","","NA"
"2018-01-22 10:00","2018","01","22","10:00"," ","-6.7","","-10.5","","74","","8","","22","","","","101.64","","","","-14","","NA"
"2018-01-22 11:00","2018","01","22","11:00"," ","-6.2","","-12.6","","60","","7","","23","","","","101.62","","","","-14","","NA"
"2018-01-22 12:00","2018","01","22","12:00"," ","-5.4","","-12.5","","58","","8","","27","","","","101.49","","","","-13","","NA"
"2018-01-22 13:00","2018","01","22","13:00"," ","-5.0","","-12.1","","57","","7","","26","","","","101.33","","","","-12","","NA"
"2018-01-22 14:00","2018","01","22","14:00"," ","-4.5","","-12.3","","55","","7","","28","","","","101.23","","","","-12","","NA"
"2018-01-22 15:00","2018","01","22","15:00"," ","-4.7","","-10.7","","62","","7","","23","","","","101.17","","","","-12","","NA"
"2018-01-22 16:00","2018","01","22","16:00"," ","-5.9","","-7.6","","88","","7","","30","","","","101.04","","","","-14","","NA"
"2018-01-22 17:00","2018","01","22","17:00"," ","-6.1","","-7.8","","88","","7","","26","","","","100.96","","","","-14","","NA"
"2018-01-22 18:00","2018","01","22","18:00"," ","-6.4","","-8.0","","88","","7","","27","","","","100.95","","","","-14","","NA"
"2018-01-22 19:00","2018","01","22","19:00"," ","-6.5","","-8.4","","86","","7","","30","","","","100.80","","","","-15","","NA"
"2018-01-22 20:00","2018","01","22","20:00"," ","-6.7","","-8.3","","88","","7","","25","","","","100.65","","","","-15","","NA"
"2018-01-22 21:00","2018","01","22","21:00"," ","-5.9","","-7.8","","86","","7","","28","","","","100.53","","","","-14","","NA"
"2018-01-22 22:00","2018","01","22","22:00"," ","-5.6","","-7.3","","87","","7","","24","","","","100.44","","","","-13","","NA"
"2018-01-22 23:00","2018","01","22","23:00"," ","-5.3","","-6.7","","90","","7","","23","","","","100.30","","","","-12","","NA"
"2018-01-23 00:00","2018","01","23","00:00"," ","-4.7","","-5.9","","91","","7","","16","","","","100.17","","","","-10","","NA"
"2018-01-23 01:00","2018","01","23","01:00"," ","-3.6","","-4.7","","92","","7","","18","","","","99.99","","","","-9","","NA"
"2018-01-23 02:00","2018","01","23","02:00"," ","-3.8","","-5.1","","91","","7","","21","","","","99.90","","","","-10","","NA"
"2018-01-23 03:00","2018","01","23","03:00"," ","-3.4","","-4.3","","93","","7","","16","","","","99.81","","","","-9","","NA"
"2018-01-23 04:00","2018","01","23","04:00"," ","-3.6","","-4.7","","92","","8","","14","","","","99.68","","","","-9","","NA"
"2018-01-23 05:00","2018","01","23","05:00"," ","-3.6","","-4.7","","92","","8","","14","","","","99.49","","","","-9","","NA"
"2018-01-23 06:00","2018","01","23","06:00"," ","-3.2","","-4.1","","93","","7","","12","","","","99.36","","","","-8","","NA"
"2018-01-23 07:00","2018","01","23","07:00"," ","-2.3","","-3.1","","94","","2","","4","","","","99.39","","","","-4","","NA"
"2018-01-23 08:00","2018","01","23","08:00"," ","-1.8","","-2.6","","94","","8","","8","","","","99.21","","","","-5","","NA"
"2018-01-23 09:00","2018","01","23","09:00"," ","-1.3","","-2.1","","95","","7","","4","","","","99.12","","","","-3","","NA"
"2018-01-23 10:00","2018","01","23","10:00"," ","-1.1","","-2.0","","94","","7","","4","","","","99.05","","","","-2","","NA"
"2018-01-23 11:00","2018","01","23","11:00"," ","-0.7","","-1.5","","95","","6","","3","","","","99.02","","","","-2","","NA"
"2018-01-23 12:00","2018","01","23","12:00"," ","-0.3","","-1.1","","94","","5","","1","","","","98.95","","","","-1","","NA"
"2018-01-23 13:00","2018","01","23","13:00"," ","0.1","","-0.7","","94","","10","","1","","","","98.87","","","","","","NA"
"2018-01-23 14:00","2018","01","23","14:00"," ","0.2","","-0.6","","94","","6","","2","","","","98.74","","","","","","NA"
"2018-01-23 15:00","2018","01","23","15:00"," ","0.3","","-0.4","","95","","8","","8","","","","98.70","","","","","","NA"
"2018-01-23 16:00","2018","01","23","16:00"," ","0.4","","-0.2","","96","","9","","9","","","","98.66","","","","","","NA"
"2018-01-23 17:00","2018","01","23","17:00"," ","0.3","","-0.1","","97","","4","","4","","","","98.70","","","","","","NA"
"2018-01-23 18:00","2018","01","23","18:00"," ","0.3","","0.0","","98","","9","","5","","","","98.70","","","","","","NA"
"2018-01-23 19:00","2018","01","23","19:00"," ","0.4","","0.1","","98","","8","","2","","","","98.71","","","","","","NA"
"2018-01-23 20:00","2018","01","23","20:00"," ","3.0","","1.3","","89","","21","","19","","","","98.75","","","","","","NA"
"2018-01-23 21:00","2018","01","23","21:00"," ","2.4","","0.8","","89","","20","","18","","","","98.74","","","","","","NA"
"2018-01-23 22:00","2018","01","23","22:00"," ","2.5","","0.9","","89","","21","","19","","","","98.76","","","","","","NA"
"2018-01-23 23:00","2018","01","23","23:00"," ","-0.4","","-1.8","","90","","27","","29","","","","98.88","","","","-7","","NA"
"2018-01-24 00:00","2018","01","24","00:00"," ","-3.6","","-5.2","","89","","27","","33","","","","99.11","","","","-12","","NA"
"2018-01-24 01:00","2018","01","24","01:00"," ","-6.0","","-9.2","","78","","28","","31","","","","99.34","","","","-14","","NA"
"2018-01-24 02:00","2018","01","24","02:00"," ","-7.2","","-11.5","","72","","29","","27","","","","99.60","","","","-15","","NA"
"2018-01-24 03:00","2018","01","24","03:00"," ","-8.4","","-11.9","","76","","29","","28","","","","99.80","","","","-17","","NA"
"2018-01-24 04:00","2018","01","24","04:00"," ","-9.3","","-13.7","","70","","29","","28","","","","100.00","","","","-18","","NA"
"2018-01-24 05:00","2018","01","24","05:00"," ","-9.9","","-14.5","","69","","30","","22","","","","100.18","","","","-18","","NA"
"2018-01-24 06:00","2018","01","24","06:00"," ","-10.4","","-15.1","","68","","29","","26","","","","100.32","","","","-19","","NA"
"2018-01-24 07:00","2018","01","24","07:00"," ","-11.4","","-15.1","","74","","29","","26","","","","100.48","","","","-21","","NA"
"2018-01-24 08:00","2018","01","24","08:00"," ","-12.0","","-15.9","","72","","28","","25","","","","100.63","","","","-21","","NA"
"2018-01-24 09:00","2018","01","24","09:00"," ","-12.1","","-16.2","","72","","28","","22","","","","100.74","","","","-21","","NA"
"2018-01-24 10:00","2018","01","24","10:00"," ","-11.4","","-16.4","","67","","28","","24","","","","100.85","","","","-20","","NA"
"2018-01-24 11:00","2018","01","24","11:00"," ","-10.6","","-16.3","","63","","28","","20","","","","100.87","","","","-19","","NA"
"2018-01-24 12:00","2018","01","24","12:00"," ","-9.5","","-16.2","","58","","27","","19","","","","100.85","","","","-17","","NA"
"2018-01-24 13:00","2018","01","24","13:00"," ","-8.9","","-15.8","","57","","26","","21","","","","100.84","","","","-17","","NA"
"2018-01-24 14:00","2018","01","24","14:00"," ","-8.4","","-16.1","","54","","27","","21","","","","100.84","","","","-16","","NA"
"2018-01-24 15:00","2018","01","24","15:00"," ","-8.0","","-16.0","","52","","28","","21","","","","100.89","","","","-16","","NA"
"2018-01-24 16:00","2018","01","24","16:00"," ","-8.3","","-15.6","","56","","26","","22","","","","100.97","","","","-16","","NA"
"2018-01-24 17:00","2018","01","24","17:00"," ","-9.0","","-15.0","","62","","27","","18","","","","101.08","","","","-16","","NA"
"2018-01-24 18:00","2018","01","24","18:00"," ","-9.9","","-15.1","","66","","28","","17","","","","101.20","","","","-17","","NA"
"2018-01-24 19:00","2018","01","24","19:00"," ","-10.4","","-15.0","","69","","29","","19","","","","101.29","","","","-18","","NA"
"2018-01-24 20:00","2018","01","24","20:00"," ","-10.7","","-15.8","","66","","30","","15","","","","101.37","","","","-18","","NA"
"2018-01-24 21:00","2018","01","24","21:00"," ","-11.3","","-16.5","","66","","29","","18","","","","101.43","","","","-19","","NA"
"2018-01-24 22:00","2018","01","24","22:00"," ","-11.9","","-17.7","","62","","30","","21","","","","101.48","","","","-20","","NA"
"2018-01-24 23:00","2018","01","24","23:00"," ","-12.7","","-18.7","","61","","31","","20","","","","101.51","","","","-21","","NA"
"2018-01-25 00:00","2018","01","25","00:00"," ","-13.4","","-19.3","","61","","30","","19","","","","101.53","","","","-22","","NA"
"2018-01-25 01:00","2018","01","25","01:00"," ","-14.2","","-19.7","","63","","30","","16","","","","101.54","","","","-22","","NA"
"2018-01-25 02:00","2018","01","25","02:00"," ","-15.0","","-19.1","","71","","29","","16","","","","101.60","","","","-23","","NA"
"2018-01-25 03:00","2018","01","25","03:00"," ","-15.8","","-19.2","","75","","28","","12","","","","101.68","","","","-23","","NA"
"2018-01-25 04:00","2018","01","25","04:00"," ","-16.3","","-19.8","","74","","28","","11","","","","101.74","","","","-23","","NA"
"2018-01-25 05:00","2018","01","25","05:00"," ","-16.7","","-20.1","","75","","27","","11","","","","101.83","","","","-24","","NA"
"2018-01-25 06:00","2018","01","25","06:00"," ","-17.1","","-20.4","","75","","28","","15","","","","101.92","","","","-26","","NA"
"2018-01-25 07:00","2018","01","25","07:00"," ","-17.2","","-20.8","","74","","29","","17","","","","102.01","","","","-26","","NA"
"2018-01-25 08:00","2018","01","25","08:00"," ","-17.4","","-20.9","","74","","28","","18","","","","102.09","","","","-27","","NA"
"2018-01-25 09:00","2018","01","25","09:00"," ","-16.7","","-21.4","","67","","28","","14","","","","102.16","","","","-25","","NA"
"2018-01-25 10:00","2018","01","25","10:00"," ","-15.5","","-21.5","","60","","26","","11","","","","102.22","","","","-22","","NA"
"2018-01-25 11:00","2018","01","25","11:00"," ","-14.4","","-21.0","","57","","26","","11","","","","102.23","","","","-21","","NA"
"2018-01-25 12:00","2018","01","25","12:00"," ","-13.1","","-20.2","","55","","26","","11","","","","102.20","","","","-19","","NA"
"2018-01-25 13:00","2018","01","25","13:00"," ","-12.1","","-19.5","","54","","25","","16","","","","102.18","","","","-20","","NA"
"2018-01-25 14:00","2018","01","25","14:00"," ","-11.6","","-18.8","","55","","25","","19","","","","102.18","","","","-20","","NA"
"2018-01-25 15:00","2018","01","25","15:00"," ","-10.3","","-18.3","","52","","27","","14","","","","102.21","","","","-17","","NA"
"2018-01-25 16:00","2018","01","25","16:00"," ","-10.2","","-18.3","","52","","26","","12","","","","102.25","","","","-16","","NA"
"2018-01-25 17:00","2018","01","25","17:00"," ","-10.5","","-18.1","","54","","27","","9","","","","102.29","","","","-15","","NA"
"2018-01-25 18:00","2018","01","25","18:00"," ","-10.9","","-17.9","","56","","28","","9","","","","102.35","","","","-16","","NA"
"2018-01-25 19:00","2018","01","25","19:00"," ","-11.5","","-17.9","","59","","28","","9","","","","102.39","","","","-17","","NA"
"2018-01-25 20:00","2018","01","25","20:00"," ","-12.7","","-18.3","","62","","29","","8","","","","102.43","","","","-18","","NA"
"2018-01-25 21:00","2018","01","25","21:00"," ","-12.9","","-17.3","","70","","25","","3","","","","102.47","","","","-15","","NA"
"2018-01-25 22:00","2018","01","25","22:00"," ","-13.5","","-17.3","","73","","0","","1","","","","102.48","","","","-14","","NA"
"2018-01-25 23:00","2018","01","25","23:00"," ","-14.9","","-17.4","","81","","15","","4","","","","102.48","","","","-18","","NA"
"2018-01-26 00:00","2018","01","26","00:00"," ","-15.6","","-17.5","","86","","","","0","","","","102.54","","","","","","NA"
"2018-01-26 01:00","2018","01","26","01:00"," ","-16.3","","-17.9","","87","","","","0","","","","102.55","","","","","","NA"
"2018-01-26 02:00","2018","01","26","02:00"," ","-17.2","","-19.0","","86","","21","","2","","","","102.62","","","","-19","","NA"
"2018-01-26 03:00","2018","01","26","03:00"," ","-17.1","","-18.8","","87","","0","","1","","","","102.60","","","","-18","","NA"
"2018-01-26 04:00","2018","01","26","04:00"," ","-17.8","","-19.8","","85","","","","0","","","","102.63","","","","","","NA"
"2018-01-26 05:00","2018","01","26","05:00"," ","-17.7","","-19.5","","86","","3","","1","","","","102.67","","","","-18","","NA"
"2018-01-26 06:00","2018","01","26","06:00"," ","-17.9","","-19.8","","85","","8","","3","","","","102.74","","","","-20","","NA"
"2018-01-26 07:00","2018","01","26","07:00"," ","-16.8","","-18.9","","84","","6","","4","","","","102.79","","","","-20","","NA"
"2018-01-26 08:00","2018","01","26","08:00"," ","-17.2","","-19.4","","83","","6","","6","","","","102.83","","","","-22","","NA"
"2018-01-26 09:00","2018","01","26","09:00"," ","-15.2","","-18.0","","79","","5","","7","","","","102.83","","","","-20","","NA"
"2018-01-26 10:00","2018","01","26","10:00"," ","-14.1","","-17.7","","74","","6","","9","","","","102.84","","","","-20","","NA"
"2018-01-26 11:00","2018","01","26","11:00"," ","-11.9","","-16.7","","67","","7","","7","","","","102.80","","","","-16","","NA"
"2018-01-26 12:00","2018","01","26","12:00"," ","-9.9","","-14.8","","67","","7","","11","","","","102.64","","","","-15","","NA"
"2018-01-26 13:00","2018","01","26","13:00"," ","-8.1","","-14.5","","60","","7","","12","","","","102.52","","","","-14","","NA"
"2018-01-26 14:00","2018","01","26","14:00"," ","-6.4","","-14.1","","54","","7","","14","","","","102.43","","","","-12","","NA"
"2018-01-26 15:00","2018","01","26","15:00"," ","-5.9","","-14.8","","49","","9","","14","","","","102.35","","","","-11","","NA"
"2018-01-26 16:00","2018","01","26","16:00"," ","-6.3","","-12.8","","60","","7","","14","","","","102.27","","","","-12","","NA"
"2018-01-26 17:00","2018","01","26","17:00"," ","-7.5","","-13.8","","60","","7","","19","","","","102.23","","","","-15","","NA"
"2018-01-26 18:00","2018","01","26","18:00"," ","-8.6","","-14.2","","64","","7","","16","","","","102.15","","","","-15","","NA"
"2018-01-26 19:00","2018","01","26","19:00"," ","-9.2","","-14.0","","68","","7","","15","","","","102.09","","","","-16","","NA"
"2018-01-26 20:00","2018","01","26","20:00"," ","-9.7","","-14.0","","71","","6","","14","","","","102.04","","","","-16","","NA"
"2018-01-26 21:00","2018","01","26","21:00"," ","-10.2","","-14.1","","73","","7","","16","","","","101.91","","","","-17","","NA"
"2018-01-26 22:00","2018","01","26","22:00"," ","-10.6","","-14.4","","73","","6","","12","","","","101.84","","","","-17","","NA"
"2018-01-26 23:00","2018","01","26","23:00"," ","-11.1","","-14.9","","74","","7","","16","","","","101.72","","","","-18","","NA"
"2018-01-27 00:00","2018","01","27","00:00"," ","-11.3","","-15.1","","73","","6","","14","","","","101.62","","","","-18","","NA"
"2018-01-27 01:00","2018","01","27","01:00"," ","-11.5","","-15.5","","72","","6","","13","","","","101.53","","","","-18","","NA"
"2018-01-27 02:00","2018","01","27","02:00"," ","-11.6","","-15.5","","73","","5","","11","","","","101.45","","","","-18","","NA"
"2018-01-27 03:00","2018","01","27","03:00"," ","-11.4","","-15.2","","73","","7","","11","","","","101.35","","","","-17","","NA"
"2018-01-27 04:00","2018","01","27","04:00"," ","-11.1","","-14.9","","74","","4","","10","","","","101.23","","","","-17","","NA"
"2018-01-27 05:00","2018","01","27","05:00"," ","-10.6","","-14.4","","74","","6","","11","","","","101.17","","","","-16","","NA"
"2018-01-27 06:00","2018","01","27","06:00"," ","-10.1","","-13.5","","76","","6","","10","","","","101.04","","","","-15","","NA"
"2018-01-27 07:00","2018","01","27","07:00"," ","-9.6","","-13.3","","75","","6","","11","","","","101.00","","","","-15","","NA"
"2018-01-27 08:00","2018","01","27","08:00"," ","-9.0","","-12.7","","75","","7","","11","","","","100.93","","","","-14","","NA"
"2018-01-27 09:00","2018","01","27","09:00"," ","-8.3","","-11.9","","75","","6","","10","","","","100.89","","","","-13","","NA"
"2018-01-27 10:00","2018","01","27","10:00"," ","-7.2","","-11.0","","75","","6","","9","","","","100.82","","","","-12","","NA"
"2018-01-27 11:00","2018","01","27","11:00"," ","-5.6","","-9.9","","72","","5","","8","","","","100.71","","","","-9","","NA"
"2018-01-27 12:00","2018","01","27","12:00"," ","-4.2","","-8.8","","71","","5","","7","","","","100.61","","","","-7","","NA"
"2018-01-27 13:00","2018","01","27","13:00"," ","-2.1","","-7.0","","69","","4","","4","","","","100.47","","","","-4","","NA"
"2018-01-27 14:00","2018","01","27","14:00"," ","6.2","","-1.8","","57","","21","","19","","","","100.39","","","","","","NA"
"2018-01-27 15:00","2018","01","27","15:00"," ","6.3","","-0.9","","60","","20","","24","","","","100.36","","","","","","NA"
"2018-01-27 16:00","2018","01","27","16:00"," ","6.1","","-0.1","","64","","20","","25","","","","100.34","","","","","","NA"
"2018-01-27 17:00","2018","01","27","17:00"," ","6.1","","0.7","","68","","21","","22","","","","100.38","","","","","","NA"
"2018-01-27 18:00","2018","01","27","18:00"," ","5.0","","2.0","","81","","21","","25","","","","100.44","","","","","","NA"
"2018-01-27 19:00","2018","01","27","19:00"," ","4.6","","2.4","","86","","20","","26","","","","100.41","","","","","","NA"
"2018-01-27 20:00","2018","01","27","20:00"," ","4.9","","3.0","","88","","21","","22","","","","100.45","","","","","","NA"
"2018-01-27 21:00","2018","01","27","21:00"," ","4.7","","2.9","","88","","21","","20","","","","100.46","","","","","","NA"
"2018-01-27 22:00","2018","01","27","22:00"," ","4.3","","2.6","","88","","21","","20","","","","100.49","","","","","","NA"
"2018-01-27 23:00","2018","01","27","23:00"," ","4.1","","2.3","","88","","21","","21","","","","100.55","","","","","","NA"
"2018-01-28 00:00","2018","01","28","00:00"," ","4.7","","2.2","","84","","23","","18","","","","100.63","","","","","","NA"
"2018-01-28 01:00","2018","01","28","01:00"," ","4.2","","-2.3","","63","","26","","19","","","","100.73","","","","","","NA"
"2018-01-28 02:00","2018","01","28","02:00"," ","3.5","","-3.4","","61","","26","","19","","","","100.81","","","","","","NA"
"2018-01-28 03:00","2018","01","28","03:00"," ","2.7","","-4.3","","60","","25","","13","","","","100.89","","","","","","NA"
"2018-01-28 04:00","2018","01","28","04:00"," ","1.6","","-4.3","","65","","22","","13","","","","100.91","","","","","","NA"
"2018-01-28 05:00","2018","01","28","05:00"," ","1.1","","-4.2","","68","","21","","21","","","","100.95","","","","","","NA"
"2018-01-28 06:00","2018","01","28","06:00"," ","0.5","","-3.5","","75","","21","","22","","","","101.08","","","","","","NA"
"2018-01-28 07:00","2018","01","28","07:00"," ","0.0","","-3.0","","80","","21","","20","","","","101.09","","","","-5","","NA"
"2018-01-28 08:00","2018","01","28","08:00"," ","-0.2","","-2.6","","84","","21","","19","","","","101.13","","","","-5","","NA"
"2018-01-28 09:00","2018","01","28","09:00"," ","1.3","","-3.4","","71","","23","","19","","","","101.19","","","","","","NA"
"2018-01-28 10:00","2018","01","28","10:00"," ","2.3","","-4.5","","61","","25","","18","","","","101.26","","","","","","NA"
"2018-01-28 11:00","2018","01","28","11:00"," ","2.7","","-5.6","","54","","26","","19","","","","101.33","","","","","","NA"
"2018-01-28 12:00","2018","01","28","12:00"," ","2.9","","-6.6","","50","","28","","19","","","","101.33","","","","","","NA"
"2018-01-28 13:00","2018","01","28","13:00"," ","2.9","","-7.7","","46","","28","","22","","","","101.35","","","","","","NA"
"2018-01-28 14:00","2018","01","28","14:00"," ","2.5","","-6.8","","50","","30","","18","","","","101.38","","","","","","NA"
"2018-01-28 15:00","2018","01","28","15:00"," ","1.4","","-4.5","","65","","1","","16","","","","101.46","","","","","","NA"
"2018-01-28 16:00","2018","01","28","16:00"," ","0.7","","-5.0","","66","","35","","17","","","","101.52","","","","","","NA"
"2018-01-28 17:00","2018","01","28","17:00"," ","0.2","","-6.8","","60","","34","","18","","","","101.59","","","","","","NA"
"2018-01-28 18:00","2018","01","28","18:00"," ","-0.2","","-8.5","","54","","35","","16","","","","101.66","","","","-5","","NA"
"2018-01-28 19:00","2018","01","28","19:00"," ","-0.9","","-8.8","","55","","35","","17","","","","101.74","","","","-6","","NA"
"2018-01-28 20:00","2018","01","28","20:00"," ","-2.2","","-10.8","","52","","36","","17","","","","101.83","","","","-8","","NA"
"2018-01-28 21:00","2018","01","28","21:00"," ","-4.2","","-12.4","","53","","36","","17","","","","101.91","","","","-10","","NA"
"2018-01-28 22:00","2018","01","28","22:00"," ","-5.2","","-12.1","","58","","35","","15","","","","101.96","","","","-11","","NA"
"2018-01-28 23:00","2018","01","28","23:00"," ","-5.8","","-12.5","","59","","36","","16","","","","101.97","","","","-12","","NA"
"2018-01-29 00:00","2018","01","29","00:00"," ","-6.7","","-12.7","","62","","36","","14","","","","101.99","","","","-12","","NA"
"2018-01-29 01:00","2018","01","29","01:00"," ","-7.5","","-13.0","","65","","36","","15","","","","101.96","","","","-14","","NA"
"2018-01-29 02:00","2018","01","29","02:00"," ","-8.4","","-13.3","","68","","36","","13","","","","102.01","","","","-14","","NA"
"2018-01-29 03:00","2018","01","29","03:00"," ","-9.3","","-13.5","","72","","35","","10","","","","102.03","","","","-14","","NA"
"2018-01-29 04:00","2018","01","29","04:00"," ","-9.9","","-13.9","","73","","35","","12","","","","102.04","","","","-16","","NA"
"2018-01-29 05:00","2018","01","29","05:00"," ","-10.8","","-14.4","","75","","36","","16","","","","102.03","","","","-18","","NA"
"2018-01-29 06:00","2018","01","29","06:00"," ","-11.4","","-14.6","","77","","36","","11","","","","102.03","","","","-17","","NA"
"2018-01-29 07:00","2018","01","29","07:00"," ","-11.9","","-15.1","","77","","36","","15","","","","102.06","","","","-19","","NA"
"2018-01-29 08:00","2018","01","29","08:00"," ","-12.0","","-15.3","","77","","36","","12","","","","102.07","","","","-18","","NA"
"2018-01-29 09:00","2018","01","29","09:00"," ","-11.4","","-15.4","","73","","3","","11","","","","102.09","","","","-17","","NA"
"2018-01-29 10:00","2018","01","29","10:00"," ","-11.2","","-15.6","","70","","3","","14","","","","102.06","","","","-18","","NA"
"2018-01-29 11:00","2018","01","29","11:00"," ","-9.9","","-15.1","","66","","5","","12","","","","102.05","","","","-16","","NA"
"2018-01-29 12:00","2018","01","29","12:00"," ","-9.1","","-14.8","","63","","4","","14","","","","101.94","","","","-15","","NA"
"2018-01-29 13:00","2018","01","29","13:00"," ","-8.4","","-15.4","","57","","5","","16","","","","101.86","","","","-15","","NA"
"2018-01-29 14:00","2018","01","29","14:00"," ","-7.4","","-14.8","","55","","4","","12","","","","101.76","","","","-13","","NA"
"2018-01-29 15:00","2018","01","29","15:00"," ","-6.7","","-14.6","","53","","5","","11","","","","101.72","","","","-12","","NA"
"2018-01-29 16:00","2018","01","29","16:00"," ","-6.4","","-15.2","","50","","9","","11","","","","101.67","","","","-11","","NA"
"2018-01-29 17:00","2018","01","29","17:00"," ","-6.8","","-14.3","","55","","7","","10","","","","101.63","","","","-11","","NA"
"2018-01-29 18:00","2018","01","29","18:00"," ","-7.3","","-14.1","","58","","5","","6","","","","101.62","","","","-10","","NA"
"2018-01-29 19:00","2018","01","29","19:00"," ","-7.2","","-13.9","","59","","4","","8","","","","101.57","","","","-11","","NA"
"2018-01-29 20:00","2018","01","29","20:00"," ","-8.2","","-13.8","","64","","5","","6","","","","101.56","","","","-11","","NA"
"2018-01-29 21:00","2018","01","29","21:00"," ","-8.7","","-14.1","","65","","5","","6","","","","101.51","","","","-12","","NA"
"2018-01-29 22:00","2018","01","29","22:00"," ","-9.3","","-14.6","","65","","6","","9","","","","101.46","","","","-14","","NA"
"2018-01-29 23:00","2018","01","29","23:00"," ","-9.1","","-14.2","","67","","1","","9","","","","101.38","","","","-14","","NA"
"2018-01-30 00:00","2018","01","30","00:00"," ","-10.2","","-14.9","","68","","35","","16","","","","101.29","","","","-17","","NA"
"2018-01-30 01:00","2018","01","30","01:00"," ","-10.0","","-15.3","","65","","35","","13","","","","101.24","","","","-16","","NA"
"2018-01-30 02:00","2018","01","30","02:00"," ","-10.5","","-15.3","","68","","35","","9","","","","101.22","","","","-15","","NA"
"2018-01-30 03:00","2018","01","30","03:00"," ","-11.2","","-16.0","","68","","36","","17","","","","101.12","","","","-19","","NA"
"2018-01-30 04:00","2018","01","30","04:00"," ","-11.6","","-16.1","","69","","35","","13","","","","101.11","","","","-18","","NA"
"2018-01-30 05:00","2018","01","30","05:00"," ","-11.7","","-16.3","","68","","35","","14","","","","101.12","","","","-19","","NA"
"2018-01-30 06:00","2018","01","30","06:00"," ","-12.1","","-16.6","","69","","33","","13","","","","101.18","","","","-19","","NA"
"2018-01-30 07:00","2018","01","30","07:00"," ","-12.7","","-17.1","","70","","33","","15","","","","101.24","","","","-20","","NA"
"2018-01-30 08:00","2018","01","30","08:00"," ","-13.0","","-16.9","","72","","33","","12","","","","101.29","","","","-20","","NA"
"2018-01-30 09:00","2018","01","30","09:00"," ","-13.2","","-16.9","","74","","33","","19","","","","101.34","","","","-22","","NA"
"2018-01-30 10:00","2018","01","30","10:00"," ","-13.2","","-16.6","","76","","33","","19","","","","101.35","","","","-22","","NA"
"2018-01-30 11:00","2018","01","30","11:00"," ","-12.3","","-16.8","","69","","34","","15","","","","101.34","","","","-20","","NA"
"2018-01-30 12:00","2018","01","30","12:00"," ","-11.3","","-16.5","","65","","32","","11","","","","101.25","","","","-17","","NA"
"2018-01-30 13:00","2018","01","30","13:00"," ","-10.2","","-17.1","","57","","34","","11","","","","101.14","","","","-16","","NA"
"2018-01-30 14:00","2018","01","30","14:00"," ","-9.3","","-17.0","","54","","33","","12","","","","101.09","","","","-15","","NA"
"2018-01-30 15:00","2018","01","30","15:00"," ","-8.8","","-17.1","","51","","31","","14","","","","101.12","","","","-15","","NA"
"2018-01-30 16:00","2018","01","30","16:00"," ","-8.7","","-17.0","","51","","33","","16","","","","101.17","","","","-15","","NA"
"2018-01-30 17:00","2018","01","30","17:00"," ","-9.1","","-17.2","","52","","33","","14","","","","101.27","","","","-15","","NA"
"2018-01-30 18:00","2018","01","30","18:00"," ","-10.0","","-16.9","","57","","29","","11","","","","101.34","","","","-16","","NA"
"2018-01-30 19:00","2018","01","30","19:00"," ","-11.2","","-17.0","","62","","28","","15","","","","101.39","","","","-18","","NA"
"2018-01-30 20:00","2018","01","30","20:00"," ","-11.8","","-17.2","","64","","29","","14","","","","101.41","","","","-19","","NA"
"2018-01-30 21:00","2018","01","30","21:00"," ","-12.4","","-18.6","","60","","33","","21","","","","101.45","","","","-21","","NA"
"2018-01-30 22:00","2018","01","30","22:00"," ","-13.6","","-19.2","","62","","32","","19","","","","101.43","","","","-22","","NA"
"2018-01-30 23:00","2018","01","30","23:00"," ","-14.6","","-20.2","","63","","32","","14","","","","101.43","","","","-22","","NA"
"2018-01-31 00:00","2018","01","31","00:00"," ","-15.6","","-20.7","","64","","31","","11","","","","101.42","","","","-22","","NA"
"2018-01-31 01:00","2018","01","31","01:00"," ","-16.6","","-21.3","","66","","30","","9","","","","101.42","","","","-23","","NA"
"2018-01-31 02:00","2018","01","31","02:00"," ","-17.3","","-21.5","","69","","29","","6","","","","101.44","","","","-22","","NA"
"2018-01-31 03:00","2018","01","31","03:00"," ","-17.7","","-21.8","","71","","27","","9","","","","101.46","","","","-24","","NA"
"2018-01-31 04:00","2018","01","31","04:00"," ","-18.2","","-22.2","","71","","27","","10","","","","101.49","","","","-25","","NA"
"2018-01-31 05:00","2018","01","31","05:00"," ","-18.9","","-22.5","","73","","28","","6","","","","101.52","","","","-24","","NA"
"2018-01-31 06:00","2018","01","31","06:00"," ","-19.2","","-22.3","","76","","22","","2","","","","101.41","","","","-21","","NA"
"2018-01-31 07:00","2018","01","31","07:00"," ","-18.9","","-22.2","","75","","22","","7","","","","101.44","","","","-24","","NA"
"2018-01-31 08:00","2018","01","31","08:00"," ","-18.7","","-22.2","","74","","23","","4","","","","101.43","","","","-22","","NA"
"2018-01-31 09:00","2018","01","31","09:00"," ","-17.4","","-22.3","","65","","19","","3","","","","101.38","","","","-20","","NA"
"2018-01-31 10:00","2018","01","31","10:00"," ","-16.1","","-21.6","","63","","16","","7","","","","101.26","","","","-21","","NA"
"2018-01-31 11:00","2018","01","31","11:00"," ","-15.0","","-21.1","","60","","16","","11","","","","101.13","","","","-22","","NA"
"2018-01-31 12:00","2018","01","31","12:00"," ","-13.9","","-20.6","","57","","16","","11","","","","100.97","","","","-20","","NA"
"2018-01-31 13:00","2018","01","31","13:00"," ","-12.6","","-19.6","","56","","13","","12","","","","100.76","","","","-19","","NA"
"2018-01-31 14:00","2018","01","31","14:00"," ","-12.8","","-16.1","","76","","9","","16","","","","100.52","","","","-20","","NA"
"2018-01-31 15:00","2018","01","31","15:00"," ","-12.3","","-14.8","","82","","10","","14","","","","100.32","","","","-19","","NA"
"2018-01-31 16:00","2018","01","31","16:00"," ","-12.5","","-14.5","","85","","8","","15","","","","100.10","","","","-20","","NA"
"2018-01-31 17:00","2018","01","31","17:00"," ","-12.7","","-14.8","","84","","7","","13","","","","100.03","","","","-20","","NA"
"2018-01-31 18:00","2018","01","31","18:00"," ","-12.5","","-14.4","","85","","6","","14","","","","99.96","","","","-20","","NA"
"2018-01-31 19:00","2018","01","31","19:00"," ","-12.0","","-14.1","","84","","6","","11","","","","99.93","","","","-18","","NA"
"2018-01-31 20:00","2018","01","31","20:00"," ","-12.3","","-14.4","","85","","7","","12","","","","99.84","","","","-19","","NA"
"2018-01-31 21:00","2018","01","31","21:00"," ","-12.1","","-14.2","","84","","7","","9","","","","99.81","","","","-17","","NA"
"2018-01-31 22:00","2018","01","31","22:00"," ","-11.9","","-13.9","","85","","7","","8","","","","99.79","","","","-17","","NA"
"2018-01-31 23:00","2018","01","31","23:00"," ","-11.6","","-13.6","","85","","8","","7","","","","99.79","","","","-16","","NA"
